"f_72-0:0","f_72-0:1","f_72-0:2","vtkValidPointMask","arc_length","Points:0","Points:1","Points:2"
0,-2.9999e-20,0,1,0,0.5,0,0
0,-6.3908e-08,0,1,0.01,0.5,0.01,0
0,-1.2782e-07,0,1,0.02,0.5,0.02,0
0,-1.9172e-07,0,1,0.03,0.5,0.03,0
0,-2.5563e-07,0,1,0.04,0.5,0.04,0
0,-3.1954e-07,0,1,0.05,0.5,0.05,0
0,-3.8345e-07,0,1,0.06,0.5,0.06,0
0,-4.4735e-07,0,1,0.07,0.5,0.07,0
0,-5.1126e-07,0,1,0.08,0.5,0.08,0
0,-5.7517e-07,0,1,0.09,0.5,0.09,0
0,-6.3908e-07,0,1,0.1,0.5,0.1,0
0,-7.0298e-07,0,1,0.11,0.5,0.11,0
0,-7.6689e-07,0,1,0.12,0.5,0.12,0
0,-8.308e-07,0,1,0.13,0.5,0.13,0
0,-8.9471e-07,0,1,0.14,0.5,0.14,0
0,-9.5861e-07,0,1,0.15,0.5,0.15,0
0,-1.0225e-06,0,1,0.16,0.5,0.16,0
0,-1.0864e-06,0,1,0.17,0.5,0.17,0
0,-1.1503e-06,0,1,0.18,0.5,0.18,0
0,-1.2142e-06,0,1,0.19,0.5,0.19,0
0,-1.2782e-06,0,1,0.2,0.5,0.2,0
0,-1.3421e-06,0,1,0.21,0.5,0.21,0
0,-1.406e-06,0,1,0.22,0.5,0.22,0
0,-1.4699e-06,0,1,0.23,0.5,0.23,0
0,-1.5338e-06,0,1,0.24,0.5,0.24,0
0,-1.5977e-06,0,1,0.25,0.5,0.25,0
0,-1.6624e-06,0,1,0.26,0.5,0.26,0
0,-1.727e-06,0,1,0.27,0.5,0.27,0
0,-1.7917e-06,0,1,0.28,0.5,0.28,0
0,-1.8564e-06,0,1,0.29,0.5,0.29,0
0,-1.9211e-06,0,1,0.3,0.5,0.3,0
0,-1.9858e-06,0,1,0.31,0.5,0.31,0
0,-2.0504e-06,0,1,0.32,0.5,0.32,0
0,-2.1151e-06,0,1,0.33,0.5,0.33,0
0,-2.1798e-06,0,1,0.34,0.5,0.34,0
0,-2.2445e-06,0,1,0.35,0.5,0.35,0
0,-2.3092e-06,0,1,0.36,0.5,0.36,0
0,-2.3738e-06,0,1,0.37,0.5,0.37,0
0,-2.4385e-06,0,1,0.38,0.5,0.38,0
0,-2.5032e-06,0,1,0.39,0.5,0.39,0
0,-2.5679e-06,0,1,0.4,0.5,0.4,0
0,-2.6325e-06,0,1,0.41,0.5,0.41,0
0,-2.6972e-06,0,1,0.42,0.5,0.42,0
0,-2.7619e-06,0,1,0.43,0.5,0.43,0
0,-2.8266e-06,0,1,0.44,0.5,0.44,0
0,-2.8913e-06,0,1,0.45,0.5,0.45,0
0,-2.9559e-06,0,1,0.46,0.5,0.46,0
0,-3.0206e-06,0,1,0.47,0.5,0.47,0
0,-3.0853e-06,0,1,0.48,0.5,0.48,0
0,-3.15e-06,0,1,0.49,0.5,0.49,0
0,-3.2147e-06,0,1,0.5,0.5,0.5,0
0,-3.2809e-06,0,1,0.51,0.5,0.51,0
0,-3.3471e-06,0,1,0.52,0.5,0.52,0
0,-3.4133e-06,0,1,0.53,0.5,0.53,0
0,-3.4796e-06,0,1,0.54,0.5,0.54,0
0,-3.5458e-06,0,1,0.55,0.5,0.55,0
0,-3.612e-06,0,1,0.56,0.5,0.56,0
0,-3.6782e-06,0,1,0.57,0.5,0.57,0
0,-3.7445e-06,0,1,0.58,0.5,0.58,0
0,-3.8107e-06,0,1,0.59,0.5,0.59,0
0,-3.8769e-06,0,1,0.6,0.5,0.6,0
0,-3.9431e-06,0,1,0.61,0.5,0.61,0
0,-4.0094e-06,0,1,0.62,0.5,0.62,0
0,-4.0756e-06,0,1,0.63,0.5,0.63,0
0,-4.1418e-06,0,1,0.64,0.5,0.64,0
0,-4.208e-06,0,1,0.65,0.5,0.65,0
0,-4.2743e-06,0,1,0.66,0.5,0.66,0
0,-4.3405e-06,0,1,0.67,0.5,0.67,0
0,-4.4067e-06,0,1,0.68,0.5,0.68,0
0,-4.4729e-06,0,1,0.69,0.5,0.69,0
0,-4.5392e-06,0,1,0.7,0.5,0.7,0
0,-4.6054e-06,0,1,0.71,0.5,0.71,0
0,-4.6716e-06,0,1,0.72,0.5,0.72,0
0,-4.7378e-06,0,1,0.73,0.5,0.73,0
0,-4.8041e-06,0,1,0.74,0.5,0.74,0
0,-4.8703e-06,0,1,0.75,0.5,0.75,0
0,-4.9388e-06,0,1,0.76,0.5,0.76,0
0,-5.0074e-06,0,1,0.77,0.5,0.77,0
0,-5.0759e-06,0,1,0.78,0.5,0.78,0
0,-5.1445e-06,0,1,0.79,0.5,0.79,0
0,-5.2131e-06,0,1,0.8,0.5,0.8,0
0,-5.2816e-06,0,1,0.81,0.5,0.81,0
0,-5.3502e-06,0,1,0.82,0.5,0.82,0
0,-5.4187e-06,0,1,0.83,0.5,0.83,0
0,-5.4873e-06,0,1,0.84,0.5,0.84,0
0,-5.5558e-06,0,1,0.85,0.5,0.85,0
0,-5.6244e-06,0,1,0.86,0.5,0.86,0
0,-5.6929e-06,0,1,0.87,0.5,0.87,0
0,-5.7615e-06,0,1,0.88,0.5,0.88,0
0,-5.83e-06,0,1,0.89,0.5,0.89,0
0,-5.8986e-06,0,1,0.9,0.5,0.9,0
0,-5.9672e-06,0,1,0.91,0.5,0.91,0
0,-6.0357e-06,0,1,0.92,0.5,0.92,0
0,-6.1043e-06,0,1,0.93,0.5,0.93,0
0,-6.1728e-06,0,1,0.94,0.5,0.94,0
0,-6.2414e-06,0,1,0.95,0.5,0.95,0
0,-6.3099e-06,0,1,0.96,0.5,0.96,0
0,-6.3785e-06,0,1,0.97,0.5,0.97,0
0,-6.447e-06,0,1,0.98,0.5,0.98,0
0,-6.5156e-06,0,1,0.99,0.5,0.99,0
0,-6.5841e-06,0,1,1,0.5,1,0
0,-6.6558e-06,0,1,1.01,0.5,1.01,0
0,-6.7275e-06,0,1,1.02,0.5,1.02,0
0,-6.7992e-06,0,1,1.03,0.5,1.03,0
0,-6.8709e-06,0,1,1.04,0.5,1.04,0
0,-6.9425e-06,0,1,1.05,0.5,1.05,0
0,-7.0142e-06,0,1,1.06,0.5,1.06,0
0,-7.0859e-06,0,1,1.07,0.5,1.07,0
0,-7.1576e-06,0,1,1.08,0.5,1.08,0
0,-7.2293e-06,0,1,1.09,0.5,1.09,0
0,-7.301e-06,0,1,1.1,0.5,1.1,0
0,-7.3726e-06,0,1,1.11,0.5,1.11,0
0,-7.4443e-06,0,1,1.12,0.5,1.12,0
0,-7.516e-06,0,1,1.13,0.5,1.13,0
0,-7.5877e-06,0,1,1.14,0.5,1.14,0
0,-7.6594e-06,0,1,1.15,0.5,1.15,0
0,-7.731e-06,0,1,1.16,0.5,1.16,0
0,-7.8027e-06,0,1,1.17,0.5,1.17,0
0,-7.8744e-06,0,1,1.18,0.5,1.18,0
0,-7.9461e-06,0,1,1.19,0.5,1.19,0
0,-8.0178e-06,0,1,1.2,0.5,1.2,0
0,-8.0894e-06,0,1,1.21,0.5,1.21,0
0,-8.1611e-06,0,1,1.22,0.5,1.22,0
0,-8.2328e-06,0,1,1.23,0.5,1.23,0
0,-8.3045e-06,0,1,1.24,0.5,1.24,0
0,-8.3762e-06,0,1,1.25,0.5,1.25,0
0,-8.4518e-06,0,1,1.26,0.5,1.26,0
0,-8.5274e-06,0,1,1.27,0.5,1.27,0
0,-8.603e-06,0,1,1.28,0.5,1.28,0
0,-8.6786e-06,0,1,1.29,0.5,1.29,0
0,-8.7543e-06,0,1,1.3,0.5,1.3,0
0,-8.8299e-06,0,1,1.31,0.5,1.31,0
0,-8.9055e-06,0,1,1.32,0.5,1.32,0
0,-8.9811e-06,0,1,1.33,0.5,1.33,0
0,-9.0567e-06,0,1,1.34,0.5,1.34,0
0,-9.1324e-06,0,1,1.35,0.5,1.35,0
0,-9.208e-06,0,1,1.36,0.5,1.36,0
0,-9.2836e-06,0,1,1.37,0.5,1.37,0
0,-9.3592e-06,0,1,1.38,0.5,1.38,0
0,-9.4348e-06,0,1,1.39,0.5,1.39,0
0,-9.5105e-06,0,1,1.4,0.5,1.4,0
0,-9.5861e-06,0,1,1.41,0.5,1.41,0
0,-9.6617e-06,0,1,1.42,0.5,1.42,0
0,-9.7373e-06,0,1,1.43,0.5,1.43,0
0,-9.8129e-06,0,1,1.44,0.5,1.44,0
0,-9.8885e-06,0,1,1.45,0.5,1.45,0
0,-9.9642e-06,0,1,1.46,0.5,1.46,0
0,-1.004e-05,0,1,1.47,0.5,1.47,0
0,-1.0115e-05,0,1,1.48,0.5,1.48,0
0,-1.0191e-05,0,1,1.49,0.5,1.49,0
0,-1.0267e-05,0,1,1.5,0.5,1.5,0
0,-1.0347e-05,0,1,1.51,0.5,1.51,0
0,-1.0427e-05,0,1,1.52,0.5,1.52,0
0,-1.0508e-05,0,1,1.53,0.5,1.53,0
0,-1.0588e-05,0,1,1.54,0.5,1.54,0
0,-1.0669e-05,0,1,1.55,0.5,1.55,0
0,-1.0749e-05,0,1,1.56,0.5,1.56,0
0,-1.0829e-05,0,1,1.57,0.5,1.57,0
0,-1.091e-05,0,1,1.58,0.5,1.58,0
0,-1.099e-05,0,1,1.59,0.5,1.59,0
0,-1.1071e-05,0,1,1.6,0.5,1.6,0
0,-1.1151e-05,0,1,1.61,0.5,1.61,0
0,-1.1231e-05,0,1,1.62,0.5,1.62,0
0,-1.1312e-05,0,1,1.63,0.5,1.63,0
0,-1.1392e-05,0,1,1.64,0.5,1.64,0
0,-1.1472e-05,0,1,1.65,0.5,1.65,0
0,-1.1553e-05,0,1,1.66,0.5,1.66,0
0,-1.1633e-05,0,1,1.67,0.5,1.67,0
0,-1.1714e-05,0,1,1.68,0.5,1.68,0
0,-1.1794e-05,0,1,1.69,0.5,1.69,0
0,-1.1874e-05,0,1,1.7,0.5,1.7,0
0,-1.1955e-05,0,1,1.71,0.5,1.71,0
0,-1.2035e-05,0,1,1.72,0.5,1.72,0
0,-1.2116e-05,0,1,1.73,0.5,1.73,0
0,-1.2196e-05,0,1,1.74,0.5,1.74,0
0,-1.2276e-05,0,1,1.75,0.5,1.75,0
0,-1.2362e-05,0,1,1.76,0.5,1.76,0
0,-1.2448e-05,0,1,1.77,0.5,1.77,0
0,-1.2534e-05,0,1,1.78,0.5,1.78,0
0,-1.262e-05,0,1,1.79,0.5,1.79,0
0,-1.2706e-05,0,1,1.8,0.5,1.8,0
0,-1.2792e-05,0,1,1.81,0.5,1.81,0
0,-1.2879e-05,0,1,1.82,0.5,1.82,0
0,-1.2965e-05,0,1,1.83,0.5,1.83,0
0,-1.3051e-05,0,1,1.84,0.5,1.84,0
0,-1.3137e-05,0,1,1.85,0.5,1.85,0
0,-1.3223e-05,0,1,1.86,0.5,1.86,0
0,-1.3309e-05,0,1,1.87,0.5,1.87,0
0,-1.3395e-05,0,1,1.88,0.5,1.88,0
0,-1.3481e-05,0,1,1.89,0.5,1.89,0
0,-1.3567e-05,0,1,1.9,0.5,1.9,0
0,-1.3653e-05,0,1,1.91,0.5,1.91,0
0,-1.3739e-05,0,1,1.92,0.5,1.92,0
0,-1.3825e-05,0,1,1.93,0.5,1.93,0
0,-1.3911e-05,0,1,1.94,0.5,1.94,0
0,-1.3997e-05,0,1,1.95,0.5,1.95,0
0,-1.4083e-05,0,1,1.96,0.5,1.96,0
0,-1.4169e-05,0,1,1.97,0.5,1.97,0
0,-1.4255e-05,0,1,1.98,0.5,1.98,0
0,-1.4341e-05,0,1,1.99,0.5,1.99,0
0,-1.4427e-05,0,1,2,0.5,2,0
0,-1.4519e-05,0,1,2.01,0.5,2.01,0
0,-1.4612e-05,0,1,2.02,0.5,2.02,0
0,-1.4704e-05,0,1,2.03,0.5,2.03,0
0,-1.4797e-05,0,1,2.04,0.5,2.04,0
0,-1.4889e-05,0,1,2.05,0.5,2.05,0
0,-1.4982e-05,0,1,2.06,0.5,2.06,0
0,-1.5074e-05,0,1,2.07,0.5,2.07,0
0,-1.5167e-05,0,1,2.08,0.5,2.08,0
0,-1.526e-05,0,1,2.09,0.5,2.09,0
0,-1.5352e-05,0,1,2.1,0.5,2.1,0
0,-1.5445e-05,0,1,2.11,0.5,2.11,0
0,-1.5537e-05,0,1,2.12,0.5,2.12,0
0,-1.563e-05,0,1,2.13,0.5,2.13,0
0,-1.5722e-05,0,1,2.14,0.5,2.14,0
0,-1.5815e-05,0,1,2.15,0.5,2.15,0
0,-1.5907e-05,0,1,2.16,0.5,2.16,0
0,-1.6e-05,0,1,2.17,0.5,2.17,0
0,-1.6092e-05,0,1,2.18,0.5,2.18,0
0,-1.6185e-05,0,1,2.19,0.5,2.19,0
0,-1.6277e-05,0,1,2.2,0.5,2.2,0
0,-1.637e-05,0,1,2.21,0.5,2.21,0
0,-1.6462e-05,0,1,2.22,0.5,2.22,0
0,-1.6555e-05,0,1,2.23,0.5,2.23,0
0,-1.6647e-05,0,1,2.24,0.5,2.24,0
0,-1.674e-05,0,1,2.25,0.5,2.25,0
0,-1.684e-05,0,1,2.26,0.5,2.26,0
0,-1.694e-05,0,1,2.27,0.5,2.27,0
0,-1.704e-05,0,1,2.28,0.5,2.28,0
0,-1.714e-05,0,1,2.29,0.5,2.29,0
0,-1.724e-05,0,1,2.3,0.5,2.3,0
0,-1.734e-05,0,1,2.31,0.5,2.31,0
0,-1.7439e-05,0,1,2.32,0.5,2.32,0
0,-1.7539e-05,0,1,2.33,0.5,2.33,0
0,-1.7639e-05,0,1,2.34,0.5,2.34,0
0,-1.7739e-05,0,1,2.35,0.5,2.35,0
0,-1.7839e-05,0,1,2.36,0.5,2.36,0
0,-1.7939e-05,0,1,2.37,0.5,2.37,0
0,-1.8039e-05,0,1,2.38,0.5,2.38,0
0,-1.8139e-05,0,1,2.39,0.5,2.39,0
0,-1.8239e-05,0,1,2.4,0.5,2.4,0
0,-1.8339e-05,0,1,2.41,0.5,2.41,0
0,-1.8439e-05,0,1,2.42,0.5,2.42,0
0,-1.8539e-05,0,1,2.43,0.5,2.43,0
0,-1.8639e-05,0,1,2.44,0.5,2.44,0
0,-1.8739e-05,0,1,2.45,0.5,2.45,0
0,-1.8839e-05,0,1,2.46,0.5,2.46,0
0,-1.8939e-05,0,1,2.47,0.5,2.47,0
0,-1.9039e-05,0,1,2.48,0.5,2.48,0
0,-1.9139e-05,0,1,2.49,0.5,2.49,0
0,-1.9238e-05,0,1,2.5,0.5,2.5,0
0,-1.9347e-05,0,1,2.51,0.5,2.51,0
0,-1.9455e-05,0,1,2.52,0.5,2.52,0
0,-1.9563e-05,0,1,2.53,0.5,2.53,0
0,-1.9672e-05,0,1,2.54,0.5,2.54,0
0,-1.978e-05,0,1,2.55,0.5,2.55,0
0,-1.9888e-05,0,1,2.56,0.5,2.56,0
0,-1.9997e-05,0,1,2.57,0.5,2.57,0
0,-2.0105e-05,0,1,2.58,0.5,2.58,0
0,-2.0213e-05,0,1,2.59,0.5,2.59,0
0,-2.0321e-05,0,1,2.6,0.5,2.6,0
0,-2.043e-05,0,1,2.61,0.5,2.61,0
0,-2.0538e-05,0,1,2.62,0.5,2.62,0
0,-2.0646e-05,0,1,2.63,0.5,2.63,0
0,-2.0755e-05,0,1,2.64,0.5,2.64,0
0,-2.0863e-05,0,1,2.65,0.5,2.65,0
0,-2.0971e-05,0,1,2.66,0.5,2.66,0
0,-2.108e-05,0,1,2.67,0.5,2.67,0
0,-2.1188e-05,0,1,2.68,0.5,2.68,0
0,-2.1296e-05,0,1,2.69,0.5,2.69,0
0,-2.1404e-05,0,1,2.7,0.5,2.7,0
0,-2.1513e-05,0,1,2.71,0.5,2.71,0
0,-2.1621e-05,0,1,2.72,0.5,2.72,0
0,-2.1729e-05,0,1,2.73,0.5,2.73,0
0,-2.1838e-05,0,1,2.74,0.5,2.74,0
0,-2.1946e-05,0,1,2.75,0.5,2.75,0
0,-2.2064e-05,0,1,2.76,0.5,2.76,0
0,-2.2181e-05,0,1,2.77,0.5,2.77,0
0,-2.2299e-05,0,1,2.78,0.5,2.78,0
0,-2.2416e-05,0,1,2.79,0.5,2.79,0
0,-2.2534e-05,0,1,2.8,0.5,2.8,0
0,-2.2652e-05,0,1,2.81,0.5,2.81,0
0,-2.2769e-05,0,1,2.82,0.5,2.82,0
0,-2.2887e-05,0,1,2.83,0.5,2.83,0
0,-2.3005e-05,0,1,2.84,0.5,2.84,0
0,-2.3122e-05,0,1,2.85,0.5,2.85,0
0,-2.324e-05,0,1,2.86,0.5,2.86,0
0,-2.3357e-05,0,1,2.87,0.5,2.87,0
0,-2.3475e-05,0,1,2.88,0.5,2.88,0
0,-2.3593e-05,0,1,2.89,0.5,2.89,0
0,-2.371e-05,0,1,2.9,0.5,2.9,0
0,-2.3828e-05,0,1,2.91,0.5,2.91,0
0,-2.3946e-05,0,1,2.92,0.5,2.92,0
0,-2.4063e-05,0,1,2.93,0.5,2.93,0
0,-2.4181e-05,0,1,2.94,0.5,2.94,0
0,-2.4298e-05,0,1,2.95,0.5,2.95,0
0,-2.4416e-05,0,1,2.96,0.5,2.96,0
0,-2.4534e-05,0,1,2.97,0.5,2.97,0
0,-2.4651e-05,0,1,2.98,0.5,2.98,0
0,-2.4769e-05,0,1,2.99,0.5,2.99,0
0,-2.4887e-05,0,1,3,0.5,3,0
0,-2.5015e-05,0,1,3.01,0.5,3.01,0
0,-2.5143e-05,0,1,3.02,0.5,3.02,0
0,-2.527e-05,0,1,3.03,0.5,3.03,0
0,-2.5398e-05,0,1,3.04,0.5,3.04,0
0,-2.5526e-05,0,1,3.05,0.5,3.05,0
0,-2.5654e-05,0,1,3.06,0.5,3.06,0
0,-2.5782e-05,0,1,3.07,0.5,3.07,0
0,-2.591e-05,0,1,3.08,0.5,3.08,0
0,-2.6038e-05,0,1,3.09,0.5,3.09,0
0,-2.6166e-05,0,1,3.1,0.5,3.1,0
0,-2.6294e-05,0,1,3.11,0.5,3.11,0
0,-2.6422e-05,0,1,3.12,0.5,3.12,0
0,-2.655e-05,0,1,3.13,0.5,3.13,0
0,-2.6678e-05,0,1,3.14,0.5,3.14,0
0,-2.6806e-05,0,1,3.15,0.5,3.15,0
0,-2.6934e-05,0,1,3.16,0.5,3.16,0
0,-2.7062e-05,0,1,3.17,0.5,3.17,0
0,-2.719e-05,0,1,3.18,0.5,3.18,0
0,-2.7318e-05,0,1,3.19,0.5,3.19,0
0,-2.7446e-05,0,1,3.2,0.5,3.2,0
0,-2.7574e-05,0,1,3.21,0.5,3.21,0
0,-2.7702e-05,0,1,3.22,0.5,3.22,0
0,-2.783e-05,0,1,3.23,0.5,3.23,0
0,-2.7958e-05,0,1,3.24,0.5,3.24,0
0,-2.8086e-05,0,1,3.25,0.5,3.25,0
0,-2.8225e-05,0,1,3.26,0.5,3.26,0
0,-2.8364e-05,0,1,3.27,0.5,3.27,0
0,-2.8504e-05,0,1,3.28,0.5,3.28,0
0,-2.8643e-05,0,1,3.29,0.5,3.29,0
0,-2.8782e-05,0,1,3.3,0.5,3.3,0
0,-2.8922e-05,0,1,3.31,0.5,3.31,0
0,-2.9061e-05,0,1,3.32,0.5,3.32,0
0,-2.92e-05,0,1,3.33,0.5,3.33,0
0,-2.934e-05,0,1,3.34,0.5,3.34,0
0,-2.9479e-05,0,1,3.35,0.5,3.35,0
0,-2.9618e-05,0,1,3.36,0.5,3.36,0
0,-2.9758e-05,0,1,3.37,0.5,3.37,0
0,-2.9897e-05,0,1,3.38,0.5,3.38,0
0,-3.0036e-05,0,1,3.39,0.5,3.39,0
0,-3.0175e-05,0,1,3.4,0.5,3.4,0
0,-3.0315e-05,0,1,3.41,0.5,3.41,0
0,-3.0454e-05,0,1,3.42,0.5,3.42,0
0,-3.0593e-05,0,1,3.43,0.5,3.43,0
0,-3.0733e-05,0,1,3.44,0.5,3.44,0
0,-3.0872e-05,0,1,3.45,0.5,3.45,0
0,-3.1011e-05,0,1,3.46,0.5,3.46,0
0,-3.1151e-05,0,1,3.47,0.5,3.47,0
0,-3.129e-05,0,1,3.48,0.5,3.48,0
0,-3.1429e-05,0,1,3.49,0.5,3.49,0
0,-3.1569e-05,0,1,3.5,0.5,3.5,0
0,-3.1721e-05,0,1,3.51,0.5,3.51,0
0,-3.1872e-05,0,1,3.52,0.5,3.52,0
0,-3.2024e-05,0,1,3.53,0.5,3.53,0
0,-3.2176e-05,0,1,3.54,0.5,3.54,0
0,-3.2328e-05,0,1,3.55,0.5,3.55,0
0,-3.2479e-05,0,1,3.56,0.5,3.56,0
0,-3.2631e-05,0,1,3.57,0.5,3.57,0
0,-3.2783e-05,0,1,3.58,0.5,3.58,0
0,-3.2935e-05,0,1,3.59,0.5,3.59,0
0,-3.3086e-05,0,1,3.6,0.5,3.6,0
0,-3.3238e-05,0,1,3.61,0.5,3.61,0
0,-3.339e-05,0,1,3.62,0.5,3.62,0
0,-3.3542e-05,0,1,3.63,0.5,3.63,0
0,-3.3693e-05,0,1,3.64,0.5,3.64,0
0,-3.3845e-05,0,1,3.65,0.5,3.65,0
0,-3.3997e-05,0,1,3.66,0.5,3.66,0
0,-3.4149e-05,0,1,3.67,0.5,3.67,0
0,-3.43e-05,0,1,3.68,0.5,3.68,0
0,-3.4452e-05,0,1,3.69,0.5,3.69,0
0,-3.4604e-05,0,1,3.7,0.5,3.7,0
0,-3.4756e-05,0,1,3.71,0.5,3.71,0
0,-3.4908e-05,0,1,3.72,0.5,3.72,0
0,-3.5059e-05,0,1,3.73,0.5,3.73,0
0,-3.5211e-05,0,1,3.74,0.5,3.74,0
0,-3.5363e-05,0,1,3.75,0.5,3.75,0
0,-3.5528e-05,0,1,3.76,0.5,3.76,0
0,-3.5693e-05,0,1,3.77,0.5,3.77,0
0,-3.5859e-05,0,1,3.78,0.5,3.78,0
0,-3.6024e-05,0,1,3.79,0.5,3.79,0
0,-3.6189e-05,0,1,3.8,0.5,3.8,0
0,-3.6355e-05,0,1,3.81,0.5,3.81,0
0,-3.652e-05,0,1,3.82,0.5,3.82,0
0,-3.6685e-05,0,1,3.83,0.5,3.83,0
0,-3.685e-05,0,1,3.84,0.5,3.84,0
0,-3.7016e-05,0,1,3.85,0.5,3.85,0
0,-3.7181e-05,0,1,3.86,0.5,3.86,0
0,-3.7346e-05,0,1,3.87,0.5,3.87,0
0,-3.7512e-05,0,1,3.88,0.5,3.88,0
0,-3.7677e-05,0,1,3.89,0.5,3.89,0
0,-3.7842e-05,0,1,3.9,0.5,3.9,0
0,-3.8007e-05,0,1,3.91,0.5,3.91,0
0,-3.8173e-05,0,1,3.92,0.5,3.92,0
0,-3.8338e-05,0,1,3.93,0.5,3.93,0
0,-3.8503e-05,0,1,3.94,0.5,3.94,0
0,-3.8669e-05,0,1,3.95,0.5,3.95,0
0,-3.8834e-05,0,1,3.96,0.5,3.96,0
0,-3.8999e-05,0,1,3.97,0.5,3.97,0
0,-3.9165e-05,0,1,3.98,0.5,3.98,0
0,-3.933e-05,0,1,3.99,0.5,3.99,0
0,-3.9495e-05,0,1,4,0.5,4,0
0,-3.9675e-05,0,1,4.01,0.5,4.01,0
0,-3.9855e-05,0,1,4.02,0.5,4.02,0
0,-4.0035e-05,0,1,4.03,0.5,4.03,0
0,-4.0215e-05,0,1,4.04,0.5,4.04,0
0,-4.0395e-05,0,1,4.05,0.5,4.05,0
0,-4.0575e-05,0,1,4.06,0.5,4.06,0
0,-4.0755e-05,0,1,4.07,0.5,4.07,0
0,-4.0935e-05,0,1,4.08,0.5,4.08,0
0,-4.1115e-05,0,1,4.09,0.5,4.09,0
0,-4.1295e-05,0,1,4.1,0.5,4.1,0
0,-4.1475e-05,0,1,4.11,0.5,4.11,0
0,-4.1655e-05,0,1,4.12,0.5,4.12,0
0,-4.1834e-05,0,1,4.13,0.5,4.13,0
0,-4.2014e-05,0,1,4.14,0.5,4.14,0
0,-4.2194e-05,0,1,4.15,0.5,4.15,0
0,-4.2374e-05,0,1,4.16,0.5,4.16,0
0,-4.2554e-05,0,1,4.17,0.5,4.17,0
0,-4.2734e-05,0,1,4.18,0.5,4.18,0
0,-4.2914e-05,0,1,4.19,0.5,4.19,0
0,-4.3094e-05,0,1,4.2,0.5,4.2,0
0,-4.3274e-05,0,1,4.21,0.5,4.21,0
0,-4.3454e-05,0,1,4.22,0.5,4.22,0
0,-4.3634e-05,0,1,4.23,0.5,4.23,0
0,-4.3814e-05,0,1,4.24,0.5,4.24,0
0,-4.3994e-05,0,1,4.25,0.5,4.25,0
0,-4.419e-05,0,1,4.26,0.5,4.26,0
0,-4.4385e-05,0,1,4.27,0.5,4.27,0
0,-4.4581e-05,0,1,4.28,0.5,4.28,0
0,-4.4777e-05,0,1,4.29,0.5,4.29,0
0,-4.4973e-05,0,1,4.3,0.5,4.3,0
0,-4.5168e-05,0,1,4.31,0.5,4.31,0
0,-4.5364e-05,0,1,4.32,0.5,4.32,0
0,-4.556e-05,0,1,4.33,0.5,4.33,0
0,-4.5756e-05,0,1,4.34,0.5,4.34,0
0,-4.5951e-05,0,1,4.35,0.5,4.35,0
0,-4.6147e-05,0,1,4.36,0.5,4.36,0
0,-4.6343e-05,0,1,4.37,0.5,4.37,0
0,-4.6539e-05,0,1,4.38,0.5,4.38,0
0,-4.6735e-05,0,1,4.39,0.5,4.39,0
0,-4.693e-05,0,1,4.4,0.5,4.4,0
0,-4.7126e-05,0,1,4.41,0.5,4.41,0
0,-4.7322e-05,0,1,4.42,0.5,4.42,0
0,-4.7518e-05,0,1,4.43,0.5,4.43,0
0,-4.7713e-05,0,1,4.44,0.5,4.44,0
0,-4.7909e-05,0,1,4.45,0.5,4.45,0
0,-4.8105e-05,0,1,4.46,0.5,4.46,0
0,-4.8301e-05,0,1,4.47,0.5,4.47,0
0,-4.8496e-05,0,1,4.48,0.5,4.48,0
0,-4.8692e-05,0,1,4.49,0.5,4.49,0
0,-4.8888e-05,0,1,4.5,0.5,4.5,0
0,-4.9101e-05,0,1,4.51,0.5,4.51,0
0,-4.9313e-05,0,1,4.52,0.5,4.52,0
0,-4.9526e-05,0,1,4.53,0.5,4.53,0
0,-4.9739e-05,0,1,4.54,0.5,4.54,0
0,-4.9952e-05,0,1,4.55,0.5,4.55,0
0,-5.0164e-05,0,1,4.56,0.5,4.56,0
0,-5.0377e-05,0,1,4.57,0.5,4.57,0
0,-5.059e-05,0,1,4.58,0.5,4.58,0
0,-5.0803e-05,0,1,4.59,0.5,4.59,0
0,-5.1015e-05,0,1,4.6,0.5,4.6,0
0,-5.1228e-05,0,1,4.61,0.5,4.61,0
0,-5.1441e-05,0,1,4.62,0.5,4.62,0
0,-5.1653e-05,0,1,4.63,0.5,4.63,0
0,-5.1866e-05,0,1,4.64,0.5,4.64,0
0,-5.2079e-05,0,1,4.65,0.5,4.65,0
0,-5.2292e-05,0,1,4.66,0.5,4.66,0
0,-5.2504e-05,0,1,4.67,0.5,4.67,0
0,-5.2717e-05,0,1,4.68,0.5,4.68,0
0,-5.293e-05,0,1,4.69,0.5,4.69,0
0,-5.3143e-05,0,1,4.7,0.5,4.7,0
0,-5.3355e-05,0,1,4.71,0.5,4.71,0
0,-5.3568e-05,0,1,4.72,0.5,4.72,0
0,-5.3781e-05,0,1,4.73,0.5,4.73,0
0,-5.3994e-05,0,1,4.74,0.5,4.74,0
0,-5.4206e-05,0,1,4.75,0.5,4.75,0
0,-5.4437e-05,0,1,4.76,0.5,4.76,0
0,-5.4668e-05,0,1,4.77,0.5,4.77,0
0,-5.4899e-05,0,1,4.78,0.5,4.78,0
0,-5.513e-05,0,1,4.79,0.5,4.79,0
0,-5.5361e-05,0,1,4.8,0.5,4.8,0
0,-5.5592e-05,0,1,4.81,0.5,4.81,0
0,-5.5823e-05,0,1,4.82,0.5,4.82,0
0,-5.6054e-05,0,1,4.83,0.5,4.83,0
0,-5.6285e-05,0,1,4.84,0.5,4.84,0
0,-5.6515e-05,0,1,4.85,0.5,4.85,0
0,-5.6746e-05,0,1,4.86,0.5,4.86,0
0,-5.6977e-05,0,1,4.87,0.5,4.87,0
0,-5.7208e-05,0,1,4.88,0.5,4.88,0
0,-5.7439e-05,0,1,4.89,0.5,4.89,0
0,-5.767e-05,0,1,4.9,0.5,4.9,0
0,-5.7901e-05,0,1,4.91,0.5,4.91,0
0,-5.8132e-05,0,1,4.92,0.5,4.92,0
0,-5.8363e-05,0,1,4.93,0.5,4.93,0
0,-5.8594e-05,0,1,4.94,0.5,4.94,0
0,-5.8825e-05,0,1,4.95,0.5,4.95,0
0,-5.9056e-05,0,1,4.96,0.5,4.96,0
0,-5.9286e-05,0,1,4.97,0.5,4.97,0
0,-5.9517e-05,0,1,4.98,0.5,4.98,0
0,-5.9748e-05,0,1,4.99,0.5,4.99,0
0,-5.9979e-05,0,1,5,0.5,5,0
0,-6.0229e-05,0,1,5.01,0.5,5.01,0
0,-6.048e-05,0,1,5.02,0.5,5.02,0
0,-6.073e-05,0,1,5.03,0.5,5.03,0
0,-6.098e-05,0,1,5.04,0.5,5.04,0
0,-6.1231e-05,0,1,5.05,0.5,5.05,0
0,-6.1481e-05,0,1,5.06,0.5,5.06,0
0,-6.1731e-05,0,1,5.07,0.5,5.07,0
0,-6.1981e-05,0,1,5.08,0.5,5.08,0
0,-6.2232e-05,0,1,5.09,0.5,5.09,0
0,-6.2482e-05,0,1,5.1,0.5,5.1,0
0,-6.2732e-05,0,1,5.11,0.5,5.11,0
0,-6.2983e-05,0,1,5.12,0.5,5.12,0
0,-6.3233e-05,0,1,5.13,0.5,5.13,0
0,-6.3483e-05,0,1,5.14,0.5,5.14,0
0,-6.3733e-05,0,1,5.15,0.5,5.15,0
0,-6.3984e-05,0,1,5.16,0.5,5.16,0
0,-6.4234e-05,0,1,5.17,0.5,5.17,0
0,-6.4484e-05,0,1,5.18,0.5,5.18,0
0,-6.4735e-05,0,1,5.19,0.5,5.19,0
0,-6.4985e-05,0,1,5.2,0.5,5.2,0
0,-6.5235e-05,0,1,5.21,0.5,5.21,0
0,-6.5485e-05,0,1,5.22,0.5,5.22,0
0,-6.5736e-05,0,1,5.23,0.5,5.23,0
0,-6.5986e-05,0,1,5.24,0.5,5.24,0
0,-6.6236e-05,0,1,5.25,0.5,5.25,0
0,-6.6507e-05,0,1,5.26,0.5,5.26,0
0,-6.6778e-05,0,1,5.27,0.5,5.27,0
0,-6.7049e-05,0,1,5.28,0.5,5.28,0
0,-6.732e-05,0,1,5.29,0.5,5.29,0
0,-6.7591e-05,0,1,5.3,0.5,5.3,0
0,-6.7862e-05,0,1,5.31,0.5,5.31,0
0,-6.8132e-05,0,1,5.32,0.5,5.32,0
0,-6.8403e-05,0,1,5.33,0.5,5.33,0
0,-6.8674e-05,0,1,5.34,0.5,5.34,0
0,-6.8945e-05,0,1,5.35,0.5,5.35,0
0,-6.9216e-05,0,1,5.36,0.5,5.36,0
0,-6.9487e-05,0,1,5.37,0.5,5.37,0
0,-6.9758e-05,0,1,5.38,0.5,5.38,0
0,-7.0029e-05,0,1,5.39,0.5,5.39,0
0,-7.0299e-05,0,1,5.4,0.5,5.4,0
0,-7.057e-05,0,1,5.41,0.5,5.41,0
0,-7.0841e-05,0,1,5.42,0.5,5.42,0
0,-7.1112e-05,0,1,5.43,0.5,5.43,0
0,-7.1383e-05,0,1,5.44,0.5,5.44,0
0,-7.1654e-05,0,1,5.45,0.5,5.45,0
0,-7.1925e-05,0,1,5.46,0.5,5.46,0
0,-7.2196e-05,0,1,5.47,0.5,5.47,0
0,-7.2466e-05,0,1,5.48,0.5,5.48,0
0,-7.2737e-05,0,1,5.49,0.5,5.49,0
0,-7.3008e-05,0,1,5.5,0.5,5.5,0
0,-7.3301e-05,0,1,5.51,0.5,5.51,0
0,-7.3594e-05,0,1,5.52,0.5,5.52,0
0,-7.3886e-05,0,1,5.53,0.5,5.53,0
0,-7.4179e-05,0,1,5.54,0.5,5.54,0
0,-7.4472e-05,0,1,5.55,0.5,5.55,0
0,-7.4764e-05,0,1,5.56,0.5,5.56,0
0,-7.5057e-05,0,1,5.57,0.5,5.57,0
0,-7.535e-05,0,1,5.58,0.5,5.58,0
0,-7.5642e-05,0,1,5.59,0.5,5.59,0
0,-7.5935e-05,0,1,5.6,0.5,5.6,0
0,-7.6228e-05,0,1,5.61,0.5,5.61,0
0,-7.652e-05,0,1,5.62,0.5,5.62,0
0,-7.6813e-05,0,1,5.63,0.5,5.63,0
0,-7.7106e-05,0,1,5.64,0.5,5.64,0
0,-7.7398e-05,0,1,5.65,0.5,5.65,0
0,-7.7691e-05,0,1,5.66,0.5,5.66,0
0,-7.7984e-05,0,1,5.67,0.5,5.67,0
0,-7.8276e-05,0,1,5.68,0.5,5.68,0
0,-7.8569e-05,0,1,5.69,0.5,5.69,0
0,-7.8862e-05,0,1,5.7,0.5,5.7,0
0,-7.9154e-05,0,1,5.71,0.5,5.71,0
0,-7.9447e-05,0,1,5.72,0.5,5.72,0
0,-7.974e-05,0,1,5.73,0.5,5.73,0
0,-8.0032e-05,0,1,5.74,0.5,5.74,0
0,-8.0325e-05,0,1,5.75,0.5,5.75,0
0,-8.0641e-05,0,1,5.76,0.5,5.76,0
0,-8.0956e-05,0,1,5.77,0.5,5.77,0
0,-8.1272e-05,0,1,5.78,0.5,5.78,0
0,-8.1588e-05,0,1,5.79,0.5,5.79,0
0,-8.1904e-05,0,1,5.8,0.5,5.8,0
0,-8.2219e-05,0,1,5.81,0.5,5.81,0
0,-8.2535e-05,0,1,5.82,0.5,5.82,0
0,-8.2851e-05,0,1,5.83,0.5,5.83,0
0,-8.3166e-05,0,1,5.84,0.5,5.84,0
0,-8.3482e-05,0,1,5.85,0.5,5.85,0
0,-8.3798e-05,0,1,5.86,0.5,5.86,0
0,-8.4113e-05,0,1,5.87,0.5,5.87,0
0,-8.4429e-05,0,1,5.88,0.5,5.88,0
0,-8.4745e-05,0,1,5.89,0.5,5.89,0
0,-8.506e-05,0,1,5.9,0.5,5.9,0
0,-8.5376e-05,0,1,5.91,0.5,5.91,0
0,-8.5692e-05,0,1,5.92,0.5,5.92,0
0,-8.6007e-05,0,1,5.93,0.5,5.93,0
0,-8.6323e-05,0,1,5.94,0.5,5.94,0
0,-8.6639e-05,0,1,5.95,0.5,5.95,0
0,-8.6954e-05,0,1,5.96,0.5,5.96,0
0,-8.727e-05,0,1,5.97,0.5,5.97,0
0,-8.7586e-05,0,1,5.98,0.5,5.98,0
0,-8.7902e-05,0,1,5.99,0.5,5.99,0
0,-8.8217e-05,0,1,6,0.5,6,0
0,-8.8557e-05,0,1,6.01,0.5,6.01,0
0,-8.8897e-05,0,1,6.02,0.5,6.02,0
0,-8.9237e-05,0,1,6.03,0.5,6.03,0
0,-8.9577e-05,0,1,6.04,0.5,6.04,0
0,-8.9917e-05,0,1,6.05,0.5,6.05,0
0,-9.0257e-05,0,1,6.06,0.5,6.06,0
0,-9.0596e-05,0,1,6.07,0.5,6.07,0
0,-9.0936e-05,0,1,6.08,0.5,6.08,0
0,-9.1276e-05,0,1,6.09,0.5,6.09,0
0,-9.1616e-05,0,1,6.1,0.5,6.1,0
0,-9.1956e-05,0,1,6.11,0.5,6.11,0
0,-9.2296e-05,0,1,6.12,0.5,6.12,0
0,-9.2636e-05,0,1,6.13,0.5,6.13,0
0,-9.2976e-05,0,1,6.14,0.5,6.14,0
0,-9.3316e-05,0,1,6.15,0.5,6.15,0
0,-9.3655e-05,0,1,6.16,0.5,6.16,0
0,-9.3995e-05,0,1,6.17,0.5,6.17,0
0,-9.4335e-05,0,1,6.18,0.5,6.18,0
0,-9.4675e-05,0,1,6.19,0.5,6.19,0
0,-9.5015e-05,0,1,6.2,0.5,6.2,0
0,-9.5355e-05,0,1,6.21,0.5,6.21,0
0,-9.5695e-05,0,1,6.22,0.5,6.22,0
0,-9.6035e-05,0,1,6.23,0.5,6.23,0
0,-9.6375e-05,0,1,6.24,0.5,6.24,0
0,-9.6714e-05,0,1,6.25,0.5,6.25,0
0,-9.708e-05,0,1,6.26,0.5,6.26,0
0,-9.7445e-05,0,1,6.27,0.5,6.27,0
0,-9.781e-05,0,1,6.28,0.5,6.28,0
0,-9.8175e-05,0,1,6.29,0.5,6.29,0
0,-9.8541e-05,0,1,6.3,0.5,6.3,0
0,-9.8906e-05,0,1,6.31,0.5,6.31,0
0,-9.9271e-05,0,1,6.32,0.5,6.32,0
0,-9.9637e-05,0,1,6.33,0.5,6.33,0
0,-0.0001,0,1,6.34,0.5,6.34,0
0,-0.00010037,0,1,6.35,0.5,6.35,0
0,-0.00010073,0,1,6.36,0.5,6.36,0
0,-0.0001011,0,1,6.37,0.5,6.37,0
0,-0.00010146,0,1,6.38,0.5,6.38,0
0,-0.00010183,0,1,6.39,0.5,6.39,0
0,-0.00010219,0,1,6.4,0.5,6.4,0
0,-0.00010256,0,1,6.41,0.5,6.41,0
0,-0.00010292,0,1,6.42,0.5,6.42,0
0,-0.00010329,0,1,6.43,0.5,6.43,0
0,-0.00010365,0,1,6.44,0.5,6.44,0
0,-0.00010402,0,1,6.45,0.5,6.45,0
0,-0.00010439,0,1,6.46,0.5,6.46,0
0,-0.00010475,0,1,6.47,0.5,6.47,0
0,-0.00010512,0,1,6.48,0.5,6.48,0
0,-0.00010548,0,1,6.49,0.5,6.49,0
0,-0.00010585,0,1,6.5,0.5,6.5,0
0,-0.00010624,0,1,6.51,0.5,6.51,0
0,-0.00010663,0,1,6.52,0.5,6.52,0
0,-0.00010702,0,1,6.53,0.5,6.53,0
0,-0.00010741,0,1,6.54,0.5,6.54,0
0,-0.00010781,0,1,6.55,0.5,6.55,0
0,-0.0001082,0,1,6.56,0.5,6.56,0
0,-0.00010859,0,1,6.57,0.5,6.57,0
0,-0.00010898,0,1,6.58,0.5,6.58,0
0,-0.00010937,0,1,6.59,0.5,6.59,0
0,-0.00010976,0,1,6.6,0.5,6.6,0
0,-0.00011016,0,1,6.61,0.5,6.61,0
0,-0.00011055,0,1,6.62,0.5,6.62,0
0,-0.00011094,0,1,6.63,0.5,6.63,0
0,-0.00011133,0,1,6.64,0.5,6.64,0
0,-0.00011172,0,1,6.65,0.5,6.65,0
0,-0.00011212,0,1,6.66,0.5,6.66,0
0,-0.00011251,0,1,6.67,0.5,6.67,0
0,-0.0001129,0,1,6.68,0.5,6.68,0
0,-0.00011329,0,1,6.69,0.5,6.69,0
0,-0.00011368,0,1,6.7,0.5,6.7,0
0,-0.00011407,0,1,6.71,0.5,6.71,0
0,-0.00011447,0,1,6.72,0.5,6.72,0
0,-0.00011486,0,1,6.73,0.5,6.73,0
0,-0.00011525,0,1,6.74,0.5,6.74,0
0,-0.00011564,0,1,6.75,0.5,6.75,0
0,-0.00011606,0,1,6.76,0.5,6.76,0
0,-0.00011648,0,1,6.77,0.5,6.77,0
0,-0.0001169,0,1,6.78,0.5,6.78,0
0,-0.00011732,0,1,6.79,0.5,6.79,0
0,-0.00011774,0,1,6.8,0.5,6.8,0
0,-0.00011816,0,1,6.81,0.5,6.81,0
0,-0.00011858,0,1,6.82,0.5,6.82,0
0,-0.000119,0,1,6.83,0.5,6.83,0
0,-0.00011942,0,1,6.84,0.5,6.84,0
0,-0.00011984,0,1,6.85,0.5,6.85,0
0,-0.00012026,0,1,6.86,0.5,6.86,0
0,-0.00012067,0,1,6.87,0.5,6.87,0
0,-0.00012109,0,1,6.88,0.5,6.88,0
0,-0.00012151,0,1,6.89,0.5,6.89,0
0,-0.00012193,0,1,6.9,0.5,6.9,0
0,-0.00012235,0,1,6.91,0.5,6.91,0
0,-0.00012277,0,1,6.92,0.5,6.92,0
0,-0.00012319,0,1,6.93,0.5,6.93,0
0,-0.00012361,0,1,6.94,0.5,6.94,0
0,-0.00012403,0,1,6.95,0.5,6.95,0
0,-0.00012445,0,1,6.96,0.5,6.96,0
0,-0.00012487,0,1,6.97,0.5,6.97,0
0,-0.00012529,0,1,6.98,0.5,6.98,0
0,-0.00012571,0,1,6.99,0.5,6.99,0
0,-0.00012613,0,1,7,0.5,7,0
0,-0.00012658,0,1,7.01,0.5,7.01,0
0,-0.00012702,0,1,7.02,0.5,7.02,0
0,-0.00012747,0,1,7.03,0.5,7.03,0
0,-0.00012792,0,1,7.04,0.5,7.04,0
0,-0.00012837,0,1,7.05,0.5,7.05,0
0,-0.00012882,0,1,7.06,0.5,7.06,0
0,-0.00012926,0,1,7.07,0.5,7.07,0
0,-0.00012971,0,1,7.08,0.5,7.08,0
0,-0.00013016,0,1,7.09,0.5,7.09,0
0,-0.00013061,0,1,7.1,0.5,7.1,0
0,-0.00013106,0,1,7.11,0.5,7.11,0
0,-0.00013151,0,1,7.12,0.5,7.12,0
0,-0.00013195,0,1,7.13,0.5,7.13,0
0,-0.0001324,0,1,7.14,0.5,7.14,0
0,-0.00013285,0,1,7.15,0.5,7.15,0
0,-0.0001333,0,1,7.16,0.5,7.16,0
0,-0.00013375,0,1,7.17,0.5,7.17,0
0,-0.00013419,0,1,7.18,0.5,7.18,0
0,-0.00013464,0,1,7.19,0.5,7.19,0
0,-0.00013509,0,1,7.2,0.5,7.2,0
0,-0.00013554,0,1,7.21,0.5,7.21,0
0,-0.00013599,0,1,7.22,0.5,7.22,0
0,-0.00013644,0,1,7.23,0.5,7.23,0
0,-0.00013688,0,1,7.24,0.5,7.24,0
0,-0.00013733,0,1,7.25,0.5,7.25,0
0,-0.00013781,0,1,7.26,0.5,7.26,0
0,-0.00013829,0,1,7.27,0.5,7.27,0
0,-0.00013877,0,1,7.28,0.5,7.28,0
0,-0.00013924,0,1,7.29,0.5,7.29,0
0,-0.00013972,0,1,7.3,0.5,7.3,0
0,-0.0001402,0,1,7.31,0.5,7.31,0
0,-0.00014068,0,1,7.32,0.5,7.32,0
0,-0.00014116,0,1,7.33,0.5,7.33,0
0,-0.00014163,0,1,7.34,0.5,7.34,0
0,-0.00014211,0,1,7.35,0.5,7.35,0
0,-0.00014259,0,1,7.36,0.5,7.36,0
0,-0.00014307,0,1,7.37,0.5,7.37,0
0,-0.00014354,0,1,7.38,0.5,7.38,0
0,-0.00014402,0,1,7.39,0.5,7.39,0
0,-0.0001445,0,1,7.4,0.5,7.4,0
0,-0.00014498,0,1,7.41,0.5,7.41,0
0,-0.00014546,0,1,7.42,0.5,7.42,0
0,-0.00014593,0,1,7.43,0.5,7.43,0
0,-0.00014641,0,1,7.44,0.5,7.44,0
0,-0.00014689,0,1,7.45,0.5,7.45,0
0,-0.00014737,0,1,7.46,0.5,7.46,0
0,-0.00014785,0,1,7.47,0.5,7.47,0
0,-0.00014832,0,1,7.48,0.5,7.48,0
0,-0.0001488,0,1,7.49,0.5,7.49,0
0,-0.00014928,0,1,7.5,0.5,7.5,0
0,-0.00014979,0,1,7.51,0.5,7.51,0
0,-0.0001503,0,1,7.52,0.5,7.52,0
0,-0.00015081,0,1,7.53,0.5,7.53,0
0,-0.00015131,0,1,7.54,0.5,7.54,0
0,-0.00015182,0,1,7.55,0.5,7.55,0
0,-0.00015233,0,1,7.56,0.5,7.56,0
0,-0.00015284,0,1,7.57,0.5,7.57,0
0,-0.00015335,0,1,7.58,0.5,7.58,0
0,-0.00015386,0,1,7.59,0.5,7.59,0
0,-0.00015437,0,1,7.6,0.5,7.6,0
0,-0.00015487,0,1,7.61,0.5,7.61,0
0,-0.00015538,0,1,7.62,0.5,7.62,0
0,-0.00015589,0,1,7.63,0.5,7.63,0
0,-0.0001564,0,1,7.64,0.5,7.64,0
0,-0.00015691,0,1,7.65,0.5,7.65,0
0,-0.00015742,0,1,7.66,0.5,7.66,0
0,-0.00015793,0,1,7.67,0.5,7.67,0
0,-0.00015844,0,1,7.68,0.5,7.68,0
0,-0.00015894,0,1,7.69,0.5,7.69,0
0,-0.00015945,0,1,7.7,0.5,7.7,0
0,-0.00015996,0,1,7.71,0.5,7.71,0
0,-0.00016047,0,1,7.72,0.5,7.72,0
0,-0.00016098,0,1,7.73,0.5,7.73,0
0,-0.00016149,0,1,7.74,0.5,7.74,0
0,-0.000162,0,1,7.75,0.5,7.75,0
0,-0.00016254,0,1,7.76,0.5,7.76,0
0,-0.00016308,0,1,7.77,0.5,7.77,0
0,-0.00016362,0,1,7.78,0.5,7.78,0
0,-0.00016416,0,1,7.79,0.5,7.79,0
0,-0.0001647,0,1,7.8,0.5,7.8,0
0,-0.00016524,0,1,7.81,0.5,7.81,0
0,-0.00016578,0,1,7.82,0.5,7.82,0
0,-0.00016632,0,1,7.83,0.5,7.83,0
0,-0.00016686,0,1,7.84,0.5,7.84,0
0,-0.0001674,0,1,7.85,0.5,7.85,0
0,-0.00016794,0,1,7.86,0.5,7.86,0
0,-0.00016848,0,1,7.87,0.5,7.87,0
0,-0.00016902,0,1,7.88,0.5,7.88,0
0,-0.00016956,0,1,7.89,0.5,7.89,0
0,-0.0001701,0,1,7.9,0.5,7.9,0
0,-0.00017064,0,1,7.91,0.5,7.91,0
0,-0.00017118,0,1,7.92,0.5,7.92,0
0,-0.00017172,0,1,7.93,0.5,7.93,0
0,-0.00017226,0,1,7.94,0.5,7.94,0
0,-0.0001728,0,1,7.95,0.5,7.95,0
0,-0.00017334,0,1,7.96,0.5,7.96,0
0,-0.00017388,0,1,7.97,0.5,7.97,0
0,-0.00017442,0,1,7.98,0.5,7.98,0
0,-0.00017496,0,1,7.99,0.5,7.99,0
0,-0.0001755,0,1,8,0.5,8,0
0,-0.00017607,0,1,8.01,0.5,8.01,0
0,-0.00017665,0,1,8.02,0.5,8.02,0
0,-0.00017722,0,1,8.03,0.5,8.03,0
0,-0.00017779,0,1,8.04,0.5,8.04,0
0,-0.00017837,0,1,8.05,0.5,8.05,0
0,-0.00017894,0,1,8.06,0.5,8.06,0
0,-0.00017951,0,1,8.07,0.5,8.07,0
0,-0.00018008,0,1,8.08,0.5,8.08,0
0,-0.00018066,0,1,8.09,0.5,8.09,0
0,-0.00018123,0,1,8.1,0.5,8.1,0
0,-0.0001818,0,1,8.11,0.5,8.11,0
0,-0.00018237,0,1,8.12,0.5,8.12,0
0,-0.00018295,0,1,8.13,0.5,8.13,0
0,-0.00018352,0,1,8.14,0.5,8.14,0
0,-0.00018409,0,1,8.15,0.5,8.15,0
0,-0.00018466,0,1,8.16,0.5,8.16,0
0,-0.00018524,0,1,8.17,0.5,8.17,0
0,-0.00018581,0,1,8.18,0.5,8.18,0
0,-0.00018638,0,1,8.19,0.5,8.19,0
0,-0.00018696,0,1,8.2,0.5,8.2,0
0,-0.00018753,0,1,8.21,0.5,8.21,0
0,-0.0001881,0,1,8.22,0.5,8.22,0
0,-0.00018867,0,1,8.23,0.5,8.23,0
0,-0.00018925,0,1,8.24,0.5,8.24,0
0,-0.00018982,0,1,8.25,0.5,8.25,0
0,-0.00019042,0,1,8.26,0.5,8.26,0
0,-0.00019103,0,1,8.27,0.5,8.27,0
0,-0.00019164,0,1,8.28,0.5,8.28,0
0,-0.00019224,0,1,8.29,0.5,8.29,0
0,-0.00019285,0,1,8.3,0.5,8.3,0
0,-0.00019345,0,1,8.31,0.5,8.31,0
0,-0.00019406,0,1,8.32,0.5,8.32,0
0,-0.00019467,0,1,8.33,0.5,8.33,0
0,-0.00019527,0,1,8.34,0.5,8.34,0
0,-0.00019588,0,1,8.35,0.5,8.35,0
0,-0.00019648,0,1,8.36,0.5,8.36,0
0,-0.00019709,0,1,8.37,0.5,8.37,0
0,-0.00019769,0,1,8.38,0.5,8.38,0
0,-0.0001983,0,1,8.39,0.5,8.39,0
0,-0.00019891,0,1,8.4,0.5,8.4,0
0,-0.00019951,0,1,8.41,0.5,8.41,0
0,-0.00020012,0,1,8.42,0.5,8.42,0
0,-0.00020072,0,1,8.43,0.5,8.43,0
0,-0.00020133,0,1,8.44,0.5,8.44,0
0,-0.00020194,0,1,8.45,0.5,8.45,0
0,-0.00020254,0,1,8.46,0.5,8.46,0
0,-0.00020315,0,1,8.47,0.5,8.47,0
0,-0.00020375,0,1,8.48,0.5,8.48,0
0,-0.00020436,0,1,8.49,0.5,8.49,0
0,-0.00020496,0,1,8.5,0.5,8.5,0
0,-0.0002056,0,1,8.51,0.5,8.51,0
0,-0.00020624,0,1,8.52,0.5,8.52,0
0,-0.00020688,0,1,8.53,0.5,8.53,0
0,-0.00020752,0,1,8.54,0.5,8.54,0
0,-0.00020816,0,1,8.55,0.5,8.55,0
0,-0.0002088,0,1,8.56,0.5,8.56,0
0,-0.00020944,0,1,8.57,0.5,8.57,0
0,-0.00021008,0,1,8.58,0.5,8.58,0
0,-0.00021072,0,1,8.59,0.5,8.59,0
0,-0.00021136,0,1,8.6,0.5,8.6,0
0,-0.000212,0,1,8.61,0.5,8.61,0
0,-0.00021264,0,1,8.62,0.5,8.62,0
0,-0.00021328,0,1,8.63,0.5,8.63,0
0,-0.00021392,0,1,8.64,0.5,8.64,0
0,-0.00021456,0,1,8.65,0.5,8.65,0
0,-0.0002152,0,1,8.66,0.5,8.66,0
0,-0.00021584,0,1,8.67,0.5,8.67,0
0,-0.00021648,0,1,8.68,0.5,8.68,0
0,-0.00021712,0,1,8.69,0.5,8.69,0
0,-0.00021776,0,1,8.7,0.5,8.7,0
0,-0.0002184,0,1,8.71,0.5,8.71,0
0,-0.00021904,0,1,8.72,0.5,8.72,0
0,-0.00021968,0,1,8.73,0.5,8.73,0
0,-0.00022032,0,1,8.74,0.5,8.74,0
0,-0.00022096,0,1,8.75,0.5,8.75,0
0,-0.00022163,0,1,8.76,0.5,8.76,0
0,-0.00022231,0,1,8.77,0.5,8.77,0
0,-0.00022298,0,1,8.78,0.5,8.78,0
0,-0.00022365,0,1,8.79,0.5,8.79,0
0,-0.00022433,0,1,8.8,0.5,8.8,0
0,-0.000225,0,1,8.81,0.5,8.81,0
0,-0.00022568,0,1,8.82,0.5,8.82,0
0,-0.00022635,0,1,8.83,0.5,8.83,0
0,-0.00022702,0,1,8.84,0.5,8.84,0
0,-0.0002277,0,1,8.85,0.5,8.85,0
0,-0.00022837,0,1,8.86,0.5,8.86,0
0,-0.00022905,0,1,8.87,0.5,8.87,0
0,-0.00022972,0,1,8.88,0.5,8.88,0
0,-0.0002304,0,1,8.89,0.5,8.89,0
0,-0.00023107,0,1,8.9,0.5,8.9,0
0,-0.00023174,0,1,8.91,0.5,8.91,0
0,-0.00023242,0,1,8.92,0.5,8.92,0
0,-0.00023309,0,1,8.93,0.5,8.93,0
0,-0.00023377,0,1,8.94,0.5,8.94,0
0,-0.00023444,0,1,8.95,0.5,8.95,0
0,-0.00023511,0,1,8.96,0.5,8.96,0
0,-0.00023579,0,1,8.97,0.5,8.97,0
0,-0.00023646,0,1,8.98,0.5,8.98,0
0,-0.00023714,0,1,8.99,0.5,8.99,0
0,-0.00023781,0,1,9,0.5,9,0
0,-0.00023852,0,1,9.01,0.5,9.01,0
0,-0.00023923,0,1,9.02,0.5,9.02,0
0,-0.00023994,0,1,9.03,0.5,9.03,0
0,-0.00024065,0,1,9.04,0.5,9.04,0
0,-0.00024136,0,1,9.05,0.5,9.05,0
0,-0.00024206,0,1,9.06,0.5,9.06,0
0,-0.00024277,0,1,9.07,0.5,9.07,0
0,-0.00024348,0,1,9.08,0.5,9.08,0
0,-0.00024419,0,1,9.09,0.5,9.09,0
0,-0.0002449,0,1,9.1,0.5,9.1,0
0,-0.00024561,0,1,9.11,0.5,9.11,0
0,-0.00024632,0,1,9.12,0.5,9.12,0
0,-0.00024703,0,1,9.13,0.5,9.13,0
0,-0.00024774,0,1,9.14,0.5,9.14,0
0,-0.00024845,0,1,9.15,0.5,9.15,0
0,-0.00024915,0,1,9.16,0.5,9.16,0
0,-0.00024986,0,1,9.17,0.5,9.17,0
0,-0.00025057,0,1,9.18,0.5,9.18,0
0,-0.00025128,0,1,9.19,0.5,9.19,0
0,-0.00025199,0,1,9.2,0.5,9.2,0
0,-0.0002527,0,1,9.21,0.5,9.21,0
0,-0.00025341,0,1,9.22,0.5,9.22,0
0,-0.00025412,0,1,9.23,0.5,9.23,0
0,-0.00025483,0,1,9.24,0.5,9.24,0
0,-0.00025554,0,1,9.25,0.5,9.25,0
0,-0.00025628,0,1,9.26,0.5,9.26,0
0,-0.00025702,0,1,9.27,0.5,9.27,0
0,-0.00025777,0,1,9.28,0.5,9.28,0
0,-0.00025851,0,1,9.29,0.5,9.29,0
0,-0.00025926,0,1,9.3,0.5,9.3,0
0,-0.00026,0,1,9.31,0.5,9.31,0
0,-0.00026074,0,1,9.32,0.5,9.32,0
0,-0.00026149,0,1,9.33,0.5,9.33,0
0,-0.00026223,0,1,9.34,0.5,9.34,0
0,-0.00026298,0,1,9.35,0.5,9.35,0
0,-0.00026372,0,1,9.36,0.5,9.36,0
0,-0.00026447,0,1,9.37,0.5,9.37,0
0,-0.00026521,0,1,9.38,0.5,9.38,0
0,-0.00026595,0,1,9.39,0.5,9.39,0
0,-0.0002667,0,1,9.4,0.5,9.4,0
0,-0.00026744,0,1,9.41,0.5,9.41,0
0,-0.00026819,0,1,9.42,0.5,9.42,0
0,-0.00026893,0,1,9.43,0.5,9.43,0
0,-0.00026968,0,1,9.44,0.5,9.44,0
0,-0.00027042,0,1,9.45,0.5,9.45,0
0,-0.00027116,0,1,9.46,0.5,9.46,0
0,-0.00027191,0,1,9.47,0.5,9.47,0
0,-0.00027265,0,1,9.48,0.5,9.48,0
0,-0.0002734,0,1,9.49,0.5,9.49,0
0,-0.00027414,0,1,9.5,0.5,9.5,0
0,-0.00027492,0,1,9.51,0.5,9.51,0
0,-0.0002757,0,1,9.52,0.5,9.52,0
0,-0.00027648,0,1,9.53,0.5,9.53,0
0,-0.00027726,0,1,9.54,0.5,9.54,0
0,-0.00027804,0,1,9.55,0.5,9.55,0
0,-0.00027882,0,1,9.56,0.5,9.56,0
0,-0.0002796,0,1,9.57,0.5,9.57,0
0,-0.00028038,0,1,9.58,0.5,9.58,0
0,-0.00028116,0,1,9.59,0.5,9.59,0
0,-0.00028194,0,1,9.6,0.5,9.6,0
0,-0.00028272,0,1,9.61,0.5,9.61,0
0,-0.0002835,0,1,9.62,0.5,9.62,0
0,-0.00028428,0,1,9.63,0.5,9.63,0
0,-0.00028506,0,1,9.64,0.5,9.64,0
0,-0.00028584,0,1,9.65,0.5,9.65,0
0,-0.00028662,0,1,9.66,0.5,9.66,0
0,-0.0002874,0,1,9.67,0.5,9.67,0
0,-0.00028818,0,1,9.68,0.5,9.68,0
0,-0.00028896,0,1,9.69,0.5,9.69,0
0,-0.00028974,0,1,9.7,0.5,9.7,0
0,-0.00029052,0,1,9.71,0.5,9.71,0
0,-0.0002913,0,1,9.72,0.5,9.72,0
0,-0.00029208,0,1,9.73,0.5,9.73,0
0,-0.00029286,0,1,9.74,0.5,9.74,0
0,-0.00029364,0,1,9.75,0.5,9.75,0
0,-0.00029445,0,1,9.76,0.5,9.76,0
0,-0.00029527,0,1,9.77,0.5,9.77,0
0,-0.00029608,0,1,9.78,0.5,9.78,0
0,-0.0002969,0,1,9.79,0.5,9.79,0
0,-0.00029771,0,1,9.8,0.5,9.8,0
0,-0.00029853,0,1,9.81,0.5,9.81,0
0,-0.00029934,0,1,9.82,0.5,9.82,0
0,-0.00030016,0,1,9.83,0.5,9.83,0
0,-0.00030098,0,1,9.84,0.5,9.84,0
0,-0.00030179,0,1,9.85,0.5,9.85,0
0,-0.00030261,0,1,9.86,0.5,9.86,0
0,-0.00030342,0,1,9.87,0.5,9.87,0
0,-0.00030424,0,1,9.88,0.5,9.88,0
0,-0.00030505,0,1,9.89,0.5,9.89,0
0,-0.00030587,0,1,9.9,0.5,9.9,0
0,-0.00030668,0,1,9.91,0.5,9.91,0
0,-0.0003075,0,1,9.92,0.5,9.92,0
0,-0.00030831,0,1,9.93,0.5,9.93,0
0,-0.00030913,0,1,9.94,0.5,9.94,0
0,-0.00030995,0,1,9.95,0.5,9.95,0
0,-0.00031076,0,1,9.96,0.5,9.96,0
0,-0.00031158,0,1,9.97,0.5,9.97,0
0,-0.00031239,0,1,9.98,0.5,9.98,0
0,-0.00031321,0,1,9.99,0.5,9.99,0
0,-0.00031402,0,1,10,0.5,10,0
