"f_10549-0:0","f_10549-0:1","f_10549-0:2","vtkValidPointMask","arc_length","Points:0","Points:1","Points:2"
0,-3.2429e-05,0,1,0,0,0.5,0
6.4178e-08,-3.2429e-05,0,1,0.001,0.001,0.5,0
1.2836e-07,-3.2429e-05,0,1,0.002,0.002,0.5,0
1.9253e-07,-3.2429e-05,0,1,0.003,0.003,0.5,0
2.5671e-07,-3.2429e-05,0,1,0.004,0.004,0.5,0
3.2089e-07,-3.2429e-05,0,1,0.005,0.005,0.5,0
3.8507e-07,-3.2429e-05,0,1,0.006,0.006,0.5,0
4.4924e-07,-3.2429e-05,0,1,0.007,0.007,0.5,0
5.1342e-07,-3.2429e-05,0,1,0.008,0.008,0.5,0
5.776e-07,-3.2429e-05,0,1,0.009,0.009,0.5,0
6.4178e-07,-3.2429e-05,0,1,0.01,0.01,0.5,0
7.0596e-07,-3.2429e-05,0,1,0.011,0.011,0.5,0
7.7013e-07,-3.2429e-05,0,1,0.012,0.012,0.5,0
8.3431e-07,-3.2429e-05,0,1,0.013,0.013,0.5,0
8.9849e-07,-3.2429e-05,0,1,0.014,0.014,0.5,0
9.6267e-07,-3.2429e-05,0,1,0.015,0.015,0.5,0
1.0268e-06,-3.2429e-05,0,1,0.016,0.016,0.5,0
1.091e-06,-3.2429e-05,0,1,0.017,0.017,0.5,0
1.1552e-06,-3.2429e-05,0,1,0.018,0.018,0.5,0
1.2194e-06,-3.2429e-05,0,1,0.019,0.019,0.5,0
1.2836e-06,-3.2429e-05,0,1,0.02,0.02,0.5,0
1.3477e-06,-3.2429e-05,0,1,0.021,0.021,0.5,0
1.4119e-06,-3.2429e-05,0,1,0.022,0.022,0.5,0
1.4761e-06,-3.2429e-05,0,1,0.023,0.023,0.5,0
1.5403e-06,-3.2429e-05,0,1,0.024,0.024,0.5,0
1.6044e-06,-3.2429e-05,0,1,0.025,0.025,0.5,0
1.6686e-06,-3.2429e-05,0,1,0.026,0.026,0.5,0
1.7328e-06,-3.2429e-05,0,1,0.027,0.027,0.5,0
1.797e-06,-3.2429e-05,0,1,0.028,0.028,0.5,0
1.8612e-06,-3.2429e-05,0,1,0.029,0.029,0.5,0
1.9253e-06,-3.2429e-05,0,1,0.03,0.03,0.5,0
1.9895e-06,-3.2429e-05,0,1,0.031,0.031,0.5,0
2.0537e-06,-3.2429e-05,0,1,0.032,0.032,0.5,0
2.1179e-06,-3.2429e-05,0,1,0.033,0.033,0.5,0
2.182e-06,-3.2429e-05,0,1,0.034,0.034,0.5,0
2.2462e-06,-3.2429e-05,0,1,0.035,0.035,0.5,0
2.3104e-06,-3.2429e-05,0,1,0.036,0.036,0.5,0
2.3746e-06,-3.2429e-05,0,1,0.037,0.037,0.5,0
2.4388e-06,-3.2429e-05,0,1,0.038,0.038,0.5,0
2.5029e-06,-3.2429e-05,0,1,0.039,0.039,0.5,0
2.5671e-06,-3.2429e-05,0,1,0.04,0.04,0.5,0
2.6313e-06,-3.2429e-05,0,1,0.041,0.041,0.5,0
2.6955e-06,-3.2429e-05,0,1,0.042,0.042,0.5,0
2.7596e-06,-3.2429e-05,0,1,0.043,0.043,0.5,0
2.8238e-06,-3.2429e-05,0,1,0.044,0.044,0.5,0
2.888e-06,-3.2429e-05,0,1,0.045,0.045,0.5,0
2.9522e-06,-3.2429e-05,0,1,0.046,0.046,0.5,0
3.0164e-06,-3.2429e-05,0,1,0.047,0.047,0.5,0
3.0805e-06,-3.2429e-05,0,1,0.048,0.048,0.5,0
3.1447e-06,-3.2429e-05,0,1,0.049,0.049,0.5,0
3.2089e-06,-3.2429e-05,0,1,0.05,0.05,0.5,0
3.2731e-06,-3.2429e-05,0,1,0.051,0.051,0.5,0
3.3372e-06,-3.2429e-05,0,1,0.052,0.052,0.5,0
3.4014e-06,-3.2429e-05,0,1,0.053,0.053,0.5,0
3.4656e-06,-3.2429e-05,0,1,0.054,0.054,0.5,0
3.5298e-06,-3.2429e-05,0,1,0.055,0.055,0.5,0
3.594e-06,-3.2429e-05,0,1,0.056,0.056,0.5,0
3.6581e-06,-3.2429e-05,0,1,0.057,0.057,0.5,0
3.7223e-06,-3.2429e-05,0,1,0.058,0.058,0.5,0
3.7865e-06,-3.2429e-05,0,1,0.059,0.059,0.5,0
3.8507e-06,-3.2429e-05,0,1,0.06,0.06,0.5,0
3.9148e-06,-3.2429e-05,0,1,0.061,0.061,0.5,0
3.979e-06,-3.2429e-05,0,1,0.062,0.062,0.5,0
4.0432e-06,-3.2429e-05,0,1,0.063,0.063,0.5,0
4.1074e-06,-3.2429e-05,0,1,0.064,0.064,0.5,0
4.1716e-06,-3.2429e-05,0,1,0.065,0.065,0.5,0
4.2357e-06,-3.2429e-05,0,1,0.066,0.066,0.5,0
4.2999e-06,-3.2429e-05,0,1,0.067,0.067,0.5,0
4.3641e-06,-3.2429e-05,0,1,0.068,0.068,0.5,0
4.4283e-06,-3.2429e-05,0,1,0.069,0.069,0.5,0
4.4924e-06,-3.2429e-05,0,1,0.07,0.07,0.5,0
4.5566e-06,-3.2429e-05,0,1,0.071,0.071,0.5,0
4.6208e-06,-3.2429e-05,0,1,0.072,0.072,0.5,0
4.685e-06,-3.2429e-05,0,1,0.073,0.073,0.5,0
4.7492e-06,-3.2429e-05,0,1,0.074,0.074,0.5,0
4.8133e-06,-3.2429e-05,0,1,0.075,0.075,0.5,0
4.8775e-06,-3.2429e-05,0,1,0.076,0.076,0.5,0
4.9417e-06,-3.2429e-05,0,1,0.077,0.077,0.5,0
5.0059e-06,-3.2429e-05,0,1,0.078,0.078,0.5,0
5.07e-06,-3.2429e-05,0,1,0.079,0.079,0.5,0
5.1342e-06,-3.2429e-05,0,1,0.08,0.08,0.5,0
5.1984e-06,-3.2429e-05,0,1,0.081,0.081,0.5,0
5.2626e-06,-3.2429e-05,0,1,0.082,0.082,0.5,0
5.3268e-06,-3.2429e-05,0,1,0.083,0.083,0.5,0
5.3909e-06,-3.2429e-05,0,1,0.084,0.084,0.5,0
5.4551e-06,-3.2429e-05,0,1,0.085,0.085,0.5,0
5.5193e-06,-3.2429e-05,0,1,0.086,0.086,0.5,0
5.5835e-06,-3.2429e-05,0,1,0.087,0.087,0.5,0
5.6476e-06,-3.2429e-05,0,1,0.088,0.088,0.5,0
5.7118e-06,-3.2429e-05,0,1,0.089,0.089,0.5,0
5.776e-06,-3.2429e-05,0,1,0.09,0.09,0.5,0
5.8402e-06,-3.2429e-05,0,1,0.091,0.091,0.5,0
5.9044e-06,-3.2429e-05,0,1,0.092,0.092,0.5,0
5.9685e-06,-3.2429e-05,0,1,0.093,0.093,0.5,0
6.0327e-06,-3.2429e-05,0,1,0.094,0.094,0.5,0
6.0969e-06,-3.2429e-05,0,1,0.095,0.095,0.5,0
6.1611e-06,-3.2429e-05,0,1,0.096,0.096,0.5,0
6.2252e-06,-3.2429e-05,0,1,0.097,0.097,0.5,0
6.2894e-06,-3.2429e-05,0,1,0.098,0.098,0.5,0
6.3536e-06,-3.2429e-05,0,1,0.099,0.099,0.5,0
6.4178e-06,-3.2429e-05,0,1,0.1,0.1,0.5,0
6.482e-06,-3.2429e-05,0,1,0.101,0.101,0.5,0
6.5461e-06,-3.2429e-05,0,1,0.102,0.102,0.5,0
6.6103e-06,-3.2429e-05,0,1,0.103,0.103,0.5,0
6.6745e-06,-3.2429e-05,0,1,0.104,0.104,0.5,0
6.7387e-06,-3.2429e-05,0,1,0.105,0.105,0.5,0
6.8028e-06,-3.2429e-05,0,1,0.106,0.106,0.5,0
6.867e-06,-3.2429e-05,0,1,0.107,0.107,0.5,0
6.9312e-06,-3.2429e-05,0,1,0.108,0.108,0.5,0
6.9954e-06,-3.2429e-05,0,1,0.109,0.109,0.5,0
7.0596e-06,-3.2429e-05,0,1,0.11,0.11,0.5,0
7.1237e-06,-3.2429e-05,0,1,0.111,0.111,0.5,0
7.1879e-06,-3.2429e-05,0,1,0.112,0.112,0.5,0
7.2521e-06,-3.2429e-05,0,1,0.113,0.113,0.5,0
7.3163e-06,-3.2429e-05,0,1,0.114,0.114,0.5,0
7.3804e-06,-3.2429e-05,0,1,0.115,0.115,0.5,0
7.4446e-06,-3.2429e-05,0,1,0.116,0.116,0.5,0
7.5088e-06,-3.2429e-05,0,1,0.117,0.117,0.5,0
7.573e-06,-3.2429e-05,0,1,0.118,0.118,0.5,0
7.6372e-06,-3.2429e-05,0,1,0.119,0.119,0.5,0
7.7013e-06,-3.2429e-05,0,1,0.12,0.12,0.5,0
7.7655e-06,-3.2429e-05,0,1,0.121,0.121,0.5,0
7.8297e-06,-3.2429e-05,0,1,0.122,0.122,0.5,0
7.8939e-06,-3.2429e-05,0,1,0.123,0.123,0.5,0
7.958e-06,-3.2429e-05,0,1,0.124,0.124,0.5,0
8.0222e-06,-3.2429e-05,0,1,0.125,0.125,0.5,0
8.0864e-06,-3.2429e-05,0,1,0.126,0.126,0.5,0
8.1506e-06,-3.2429e-05,0,1,0.127,0.127,0.5,0
8.2148e-06,-3.2429e-05,0,1,0.128,0.128,0.5,0
8.2789e-06,-3.2429e-05,0,1,0.129,0.129,0.5,0
8.3431e-06,-3.2429e-05,0,1,0.13,0.13,0.5,0
8.4073e-06,-3.2429e-05,0,1,0.131,0.131,0.5,0
8.4715e-06,-3.2429e-05,0,1,0.132,0.132,0.5,0
8.5356e-06,-3.2429e-05,0,1,0.133,0.133,0.5,0
8.5998e-06,-3.2429e-05,0,1,0.134,0.134,0.5,0
8.664e-06,-3.2429e-05,0,1,0.135,0.135,0.5,0
8.7282e-06,-3.2429e-05,0,1,0.136,0.136,0.5,0
8.7923e-06,-3.2429e-05,0,1,0.137,0.137,0.5,0
8.8565e-06,-3.2429e-05,0,1,0.138,0.138,0.5,0
8.9207e-06,-3.2429e-05,0,1,0.139,0.139,0.5,0
8.9849e-06,-3.2429e-05,0,1,0.14,0.14,0.5,0
9.0491e-06,-3.2429e-05,0,1,0.141,0.141,0.5,0
9.1132e-06,-3.2429e-05,0,1,0.142,0.142,0.5,0
9.1774e-06,-3.2429e-05,0,1,0.143,0.143,0.5,0
9.2416e-06,-3.2429e-05,0,1,0.144,0.144,0.5,0
9.3058e-06,-3.2429e-05,0,1,0.145,0.145,0.5,0
9.3699e-06,-3.2429e-05,0,1,0.146,0.146,0.5,0
9.4341e-06,-3.2429e-05,0,1,0.147,0.147,0.5,0
9.4983e-06,-3.2429e-05,0,1,0.148,0.148,0.5,0
9.5625e-06,-3.2429e-05,0,1,0.149,0.149,0.5,0
9.6267e-06,-3.2429e-05,0,1,0.15,0.15,0.5,0
9.6908e-06,-3.2429e-05,0,1,0.151,0.151,0.5,0
9.755e-06,-3.2429e-05,0,1,0.152,0.152,0.5,0
9.8192e-06,-3.2429e-05,0,1,0.153,0.153,0.5,0
9.8834e-06,-3.2429e-05,0,1,0.154,0.154,0.5,0
9.9475e-06,-3.2429e-05,0,1,0.155,0.155,0.5,0
1.0012e-05,-3.2429e-05,0,1,0.156,0.156,0.5,0
1.0076e-05,-3.2429e-05,0,1,0.157,0.157,0.5,0
1.014e-05,-3.2429e-05,0,1,0.158,0.158,0.5,0
1.0204e-05,-3.2429e-05,0,1,0.159,0.159,0.5,0
1.0268e-05,-3.2429e-05,0,1,0.16,0.16,0.5,0
1.0333e-05,-3.2429e-05,0,1,0.161,0.161,0.5,0
1.0397e-05,-3.2429e-05,0,1,0.162,0.162,0.5,0
1.0461e-05,-3.2429e-05,0,1,0.163,0.163,0.5,0
1.0525e-05,-3.2429e-05,0,1,0.164,0.164,0.5,0
1.0589e-05,-3.2429e-05,0,1,0.165,0.165,0.5,0
1.0654e-05,-3.2429e-05,0,1,0.166,0.166,0.5,0
1.0718e-05,-3.2429e-05,0,1,0.167,0.167,0.5,0
1.0782e-05,-3.2429e-05,0,1,0.168,0.168,0.5,0
1.0846e-05,-3.2429e-05,0,1,0.169,0.169,0.5,0
1.091e-05,-3.2429e-05,0,1,0.17,0.17,0.5,0
1.0974e-05,-3.2429e-05,0,1,0.171,0.171,0.5,0
1.1039e-05,-3.2429e-05,0,1,0.172,0.172,0.5,0
1.1103e-05,-3.2429e-05,0,1,0.173,0.173,0.5,0
1.1167e-05,-3.2429e-05,0,1,0.174,0.174,0.5,0
1.1231e-05,-3.2429e-05,0,1,0.175,0.175,0.5,0
1.1295e-05,-3.2429e-05,0,1,0.176,0.176,0.5,0
1.1359e-05,-3.2429e-05,0,1,0.177,0.177,0.5,0
1.1424e-05,-3.2429e-05,0,1,0.178,0.178,0.5,0
1.1488e-05,-3.2429e-05,0,1,0.179,0.179,0.5,0
1.1552e-05,-3.2429e-05,0,1,0.18,0.18,0.5,0
1.1616e-05,-3.2429e-05,0,1,0.181,0.181,0.5,0
1.168e-05,-3.2429e-05,0,1,0.182,0.182,0.5,0
1.1745e-05,-3.2429e-05,0,1,0.183,0.183,0.5,0
1.1809e-05,-3.2429e-05,0,1,0.184,0.184,0.5,0
1.1873e-05,-3.2429e-05,0,1,0.185,0.185,0.5,0
1.1937e-05,-3.2429e-05,0,1,0.186,0.186,0.5,0
1.2001e-05,-3.2429e-05,0,1,0.187,0.187,0.5,0
1.2065e-05,-3.2429e-05,0,1,0.188,0.188,0.5,0
1.213e-05,-3.2429e-05,0,1,0.189,0.189,0.5,0
1.2194e-05,-3.2429e-05,0,1,0.19,0.19,0.5,0
1.2258e-05,-3.2429e-05,0,1,0.191,0.191,0.5,0
1.2322e-05,-3.2429e-05,0,1,0.192,0.192,0.5,0
1.2386e-05,-3.2429e-05,0,1,0.193,0.193,0.5,0
1.245e-05,-3.2429e-05,0,1,0.194,0.194,0.5,0
1.2515e-05,-3.2429e-05,0,1,0.195,0.195,0.5,0
1.2579e-05,-3.2429e-05,0,1,0.196,0.196,0.5,0
1.2643e-05,-3.2429e-05,0,1,0.197,0.197,0.5,0
1.2707e-05,-3.2429e-05,0,1,0.198,0.198,0.5,0
1.2771e-05,-3.2429e-05,0,1,0.199,0.199,0.5,0
1.2836e-05,-3.2429e-05,0,1,0.2,0.2,0.5,0
1.29e-05,-3.2429e-05,0,1,0.201,0.201,0.5,0
1.2964e-05,-3.2429e-05,0,1,0.202,0.202,0.5,0
1.3028e-05,-3.2429e-05,0,1,0.203,0.203,0.5,0
1.3092e-05,-3.2429e-05,0,1,0.204,0.204,0.5,0
1.3156e-05,-3.2429e-05,0,1,0.205,0.205,0.5,0
1.3221e-05,-3.2429e-05,0,1,0.206,0.206,0.5,0
1.3285e-05,-3.2429e-05,0,1,0.207,0.207,0.5,0
1.3349e-05,-3.2429e-05,0,1,0.208,0.208,0.5,0
1.3413e-05,-3.2429e-05,0,1,0.209,0.209,0.5,0
1.3477e-05,-3.2429e-05,0,1,0.21,0.21,0.5,0
1.3542e-05,-3.2429e-05,0,1,0.211,0.211,0.5,0
1.3606e-05,-3.2429e-05,0,1,0.212,0.212,0.5,0
1.367e-05,-3.2429e-05,0,1,0.213,0.213,0.5,0
1.3734e-05,-3.2429e-05,0,1,0.214,0.214,0.5,0
1.3798e-05,-3.2429e-05,0,1,0.215,0.215,0.5,0
1.3862e-05,-3.2429e-05,0,1,0.216,0.216,0.5,0
1.3927e-05,-3.2429e-05,0,1,0.217,0.217,0.5,0
1.3991e-05,-3.2429e-05,0,1,0.218,0.218,0.5,0
1.4055e-05,-3.2429e-05,0,1,0.219,0.219,0.5,0
1.4119e-05,-3.2429e-05,0,1,0.22,0.22,0.5,0
1.4183e-05,-3.2429e-05,0,1,0.221,0.221,0.5,0
1.4247e-05,-3.2429e-05,0,1,0.222,0.222,0.5,0
1.4312e-05,-3.2429e-05,0,1,0.223,0.223,0.5,0
1.4376e-05,-3.2429e-05,0,1,0.224,0.224,0.5,0
1.444e-05,-3.2429e-05,0,1,0.225,0.225,0.5,0
1.4504e-05,-3.2429e-05,0,1,0.226,0.226,0.5,0
1.4568e-05,-3.2429e-05,0,1,0.227,0.227,0.5,0
1.4633e-05,-3.2429e-05,0,1,0.228,0.228,0.5,0
1.4697e-05,-3.2429e-05,0,1,0.229,0.229,0.5,0
1.4761e-05,-3.2429e-05,0,1,0.23,0.23,0.5,0
1.4825e-05,-3.2429e-05,0,1,0.231,0.231,0.5,0
1.4889e-05,-3.2429e-05,0,1,0.232,0.232,0.5,0
1.4953e-05,-3.2429e-05,0,1,0.233,0.233,0.5,0
1.5018e-05,-3.2429e-05,0,1,0.234,0.234,0.5,0
1.5082e-05,-3.2429e-05,0,1,0.235,0.235,0.5,0
1.5146e-05,-3.2429e-05,0,1,0.236,0.236,0.5,0
1.521e-05,-3.2429e-05,0,1,0.237,0.237,0.5,0
1.5274e-05,-3.2429e-05,0,1,0.238,0.238,0.5,0
1.5338e-05,-3.2429e-05,0,1,0.239,0.239,0.5,0
1.5403e-05,-3.2429e-05,0,1,0.24,0.24,0.5,0
1.5467e-05,-3.2429e-05,0,1,0.241,0.241,0.5,0
1.5531e-05,-3.2429e-05,0,1,0.242,0.242,0.5,0
1.5595e-05,-3.2429e-05,0,1,0.243,0.243,0.5,0
1.5659e-05,-3.2429e-05,0,1,0.244,0.244,0.5,0
1.5724e-05,-3.2429e-05,0,1,0.245,0.245,0.5,0
1.5788e-05,-3.2429e-05,0,1,0.246,0.246,0.5,0
1.5852e-05,-3.2429e-05,0,1,0.247,0.247,0.5,0
1.5916e-05,-3.2429e-05,0,1,0.248,0.248,0.5,0
1.598e-05,-3.2429e-05,0,1,0.249,0.249,0.5,0
1.6044e-05,-3.2429e-05,0,1,0.25,0.25,0.5,0
1.6109e-05,-3.2429e-05,0,1,0.251,0.251,0.5,0
1.6173e-05,-3.2429e-05,0,1,0.252,0.252,0.5,0
1.6237e-05,-3.2429e-05,0,1,0.253,0.253,0.5,0
1.6301e-05,-3.2429e-05,0,1,0.254,0.254,0.5,0
1.6365e-05,-3.2429e-05,0,1,0.255,0.255,0.5,0
1.643e-05,-3.2429e-05,0,1,0.256,0.256,0.5,0
1.6494e-05,-3.2429e-05,0,1,0.257,0.257,0.5,0
1.6558e-05,-3.2429e-05,0,1,0.258,0.258,0.5,0
1.6622e-05,-3.2429e-05,0,1,0.259,0.259,0.5,0
1.6686e-05,-3.2429e-05,0,1,0.26,0.26,0.5,0
1.675e-05,-3.2429e-05,0,1,0.261,0.261,0.5,0
1.6815e-05,-3.2429e-05,0,1,0.262,0.262,0.5,0
1.6879e-05,-3.2429e-05,0,1,0.263,0.263,0.5,0
1.6943e-05,-3.2429e-05,0,1,0.264,0.264,0.5,0
1.7007e-05,-3.2429e-05,0,1,0.265,0.265,0.5,0
1.7071e-05,-3.2429e-05,0,1,0.266,0.266,0.5,0
1.7135e-05,-3.2429e-05,0,1,0.267,0.267,0.5,0
1.72e-05,-3.2429e-05,0,1,0.268,0.268,0.5,0
1.7264e-05,-3.2429e-05,0,1,0.269,0.269,0.5,0
1.7328e-05,-3.2429e-05,0,1,0.27,0.27,0.5,0
1.7392e-05,-3.2429e-05,0,1,0.271,0.271,0.5,0
1.7456e-05,-3.2429e-05,0,1,0.272,0.272,0.5,0
1.7521e-05,-3.2429e-05,0,1,0.273,0.273,0.5,0
1.7585e-05,-3.2429e-05,0,1,0.274,0.274,0.5,0
1.7649e-05,-3.2429e-05,0,1,0.275,0.275,0.5,0
1.7713e-05,-3.2429e-05,0,1,0.276,0.276,0.5,0
1.7777e-05,-3.2429e-05,0,1,0.277,0.277,0.5,0
1.7841e-05,-3.2429e-05,0,1,0.278,0.278,0.5,0
1.7906e-05,-3.2429e-05,0,1,0.279,0.279,0.5,0
1.797e-05,-3.2429e-05,0,1,0.28,0.28,0.5,0
1.8034e-05,-3.2429e-05,0,1,0.281,0.281,0.5,0
1.8098e-05,-3.2429e-05,0,1,0.282,0.282,0.5,0
1.8162e-05,-3.2429e-05,0,1,0.283,0.283,0.5,0
1.8226e-05,-3.2429e-05,0,1,0.284,0.284,0.5,0
1.8291e-05,-3.2429e-05,0,1,0.285,0.285,0.5,0
1.8355e-05,-3.2429e-05,0,1,0.286,0.286,0.5,0
1.8419e-05,-3.2429e-05,0,1,0.287,0.287,0.5,0
1.8483e-05,-3.2429e-05,0,1,0.288,0.288,0.5,0
1.8547e-05,-3.2429e-05,0,1,0.289,0.289,0.5,0
1.8612e-05,-3.2429e-05,0,1,0.29,0.29,0.5,0
1.8676e-05,-3.2429e-05,0,1,0.291,0.291,0.5,0
1.874e-05,-3.2429e-05,0,1,0.292,0.292,0.5,0
1.8804e-05,-3.2429e-05,0,1,0.293,0.293,0.5,0
1.8868e-05,-3.2429e-05,0,1,0.294,0.294,0.5,0
1.8932e-05,-3.2429e-05,0,1,0.295,0.295,0.5,0
1.8997e-05,-3.2429e-05,0,1,0.296,0.296,0.5,0
1.9061e-05,-3.2429e-05,0,1,0.297,0.297,0.5,0
1.9125e-05,-3.2429e-05,0,1,0.298,0.298,0.5,0
1.9189e-05,-3.2429e-05,0,1,0.299,0.299,0.5,0
1.9253e-05,-3.2429e-05,0,1,0.3,0.3,0.5,0
1.9317e-05,-3.2429e-05,0,1,0.301,0.301,0.5,0
1.9382e-05,-3.2429e-05,0,1,0.302,0.302,0.5,0
1.9446e-05,-3.2429e-05,0,1,0.303,0.303,0.5,0
1.951e-05,-3.2429e-05,0,1,0.304,0.304,0.5,0
1.9574e-05,-3.2429e-05,0,1,0.305,0.305,0.5,0
1.9638e-05,-3.2429e-05,0,1,0.306,0.306,0.5,0
1.9703e-05,-3.2429e-05,0,1,0.307,0.307,0.5,0
1.9767e-05,-3.2429e-05,0,1,0.308,0.308,0.5,0
1.9831e-05,-3.2429e-05,0,1,0.309,0.309,0.5,0
1.9895e-05,-3.2429e-05,0,1,0.31,0.31,0.5,0
1.9959e-05,-3.2429e-05,0,1,0.311,0.311,0.5,0
2.0023e-05,-3.2429e-05,0,1,0.312,0.312,0.5,0
2.0088e-05,-3.2429e-05,0,1,0.313,0.313,0.5,0
2.0152e-05,-3.2429e-05,0,1,0.314,0.314,0.5,0
2.0216e-05,-3.2429e-05,0,1,0.315,0.315,0.5,0
2.028e-05,-3.2429e-05,0,1,0.316,0.316,0.5,0
2.0344e-05,-3.2429e-05,0,1,0.317,0.317,0.5,0
2.0409e-05,-3.2429e-05,0,1,0.318,0.318,0.5,0
2.0473e-05,-3.2429e-05,0,1,0.319,0.319,0.5,0
2.0537e-05,-3.2429e-05,0,1,0.32,0.32,0.5,0
2.0601e-05,-3.2429e-05,0,1,0.321,0.321,0.5,0
2.0665e-05,-3.2429e-05,0,1,0.322,0.322,0.5,0
2.0729e-05,-3.2429e-05,0,1,0.323,0.323,0.5,0
2.0794e-05,-3.2429e-05,0,1,0.324,0.324,0.5,0
2.0858e-05,-3.2429e-05,0,1,0.325,0.325,0.5,0
2.0922e-05,-3.2429e-05,0,1,0.326,0.326,0.5,0
2.0986e-05,-3.2429e-05,0,1,0.327,0.327,0.5,0
2.105e-05,-3.2429e-05,0,1,0.328,0.328,0.5,0
2.1114e-05,-3.2429e-05,0,1,0.329,0.329,0.5,0
2.1179e-05,-3.2429e-05,0,1,0.33,0.33,0.5,0
2.1243e-05,-3.2429e-05,0,1,0.331,0.331,0.5,0
2.1307e-05,-3.2429e-05,0,1,0.332,0.332,0.5,0
2.1371e-05,-3.2429e-05,0,1,0.333,0.333,0.5,0
2.1435e-05,-3.2429e-05,0,1,0.334,0.334,0.5,0
2.15e-05,-3.2429e-05,0,1,0.335,0.335,0.5,0
2.1564e-05,-3.2429e-05,0,1,0.336,0.336,0.5,0
2.1628e-05,-3.2429e-05,0,1,0.337,0.337,0.5,0
2.1692e-05,-3.2429e-05,0,1,0.338,0.338,0.5,0
2.1756e-05,-3.2429e-05,0,1,0.339,0.339,0.5,0
2.182e-05,-3.2429e-05,0,1,0.34,0.34,0.5,0
2.1885e-05,-3.2429e-05,0,1,0.341,0.341,0.5,0
2.1949e-05,-3.2429e-05,0,1,0.342,0.342,0.5,0
2.2013e-05,-3.2429e-05,0,1,0.343,0.343,0.5,0
2.2077e-05,-3.2429e-05,0,1,0.344,0.344,0.5,0
2.2141e-05,-3.2429e-05,0,1,0.345,0.345,0.5,0
2.2205e-05,-3.2429e-05,0,1,0.346,0.346,0.5,0
2.227e-05,-3.2429e-05,0,1,0.347,0.347,0.5,0
2.2334e-05,-3.2429e-05,0,1,0.348,0.348,0.5,0
2.2398e-05,-3.2429e-05,0,1,0.349,0.349,0.5,0
2.2462e-05,-3.2429e-05,0,1,0.35,0.35,0.5,0
2.2526e-05,-3.2429e-05,0,1,0.351,0.351,0.5,0
2.2591e-05,-3.2429e-05,0,1,0.352,0.352,0.5,0
2.2655e-05,-3.2429e-05,0,1,0.353,0.353,0.5,0
2.2719e-05,-3.2429e-05,0,1,0.354,0.354,0.5,0
2.2783e-05,-3.2429e-05,0,1,0.355,0.355,0.5,0
2.2847e-05,-3.2429e-05,0,1,0.356,0.356,0.5,0
2.2911e-05,-3.2429e-05,0,1,0.357,0.357,0.5,0
2.2976e-05,-3.2429e-05,0,1,0.358,0.358,0.5,0
2.304e-05,-3.2429e-05,0,1,0.359,0.359,0.5,0
2.3104e-05,-3.2429e-05,0,1,0.36,0.36,0.5,0
2.3168e-05,-3.2429e-05,0,1,0.361,0.361,0.5,0
2.3232e-05,-3.2429e-05,0,1,0.362,0.362,0.5,0
2.3297e-05,-3.2429e-05,0,1,0.363,0.363,0.5,0
2.3361e-05,-3.2429e-05,0,1,0.364,0.364,0.5,0
2.3425e-05,-3.2429e-05,0,1,0.365,0.365,0.5,0
2.3489e-05,-3.2429e-05,0,1,0.366,0.366,0.5,0
2.3553e-05,-3.2429e-05,0,1,0.367,0.367,0.5,0
2.3617e-05,-3.2429e-05,0,1,0.368,0.368,0.5,0
2.3682e-05,-3.2429e-05,0,1,0.369,0.369,0.5,0
2.3746e-05,-3.2429e-05,0,1,0.37,0.37,0.5,0
2.381e-05,-3.2429e-05,0,1,0.371,0.371,0.5,0
2.3874e-05,-3.2429e-05,0,1,0.372,0.372,0.5,0
2.3938e-05,-3.2429e-05,0,1,0.373,0.373,0.5,0
2.4002e-05,-3.2429e-05,0,1,0.374,0.374,0.5,0
2.4067e-05,-3.2429e-05,0,1,0.375,0.375,0.5,0
2.4131e-05,-3.2429e-05,0,1,0.376,0.376,0.5,0
2.4195e-05,-3.2429e-05,0,1,0.377,0.377,0.5,0
2.4259e-05,-3.2429e-05,0,1,0.378,0.378,0.5,0
2.4323e-05,-3.2429e-05,0,1,0.379,0.379,0.5,0
2.4388e-05,-3.2429e-05,0,1,0.38,0.38,0.5,0
2.4452e-05,-3.2429e-05,0,1,0.381,0.381,0.5,0
2.4516e-05,-3.2429e-05,0,1,0.382,0.382,0.5,0
2.458e-05,-3.2429e-05,0,1,0.383,0.383,0.5,0
2.4644e-05,-3.2429e-05,0,1,0.384,0.384,0.5,0
2.4708e-05,-3.2429e-05,0,1,0.385,0.385,0.5,0
2.4773e-05,-3.2429e-05,0,1,0.386,0.386,0.5,0
2.4837e-05,-3.2429e-05,0,1,0.387,0.387,0.5,0
2.4901e-05,-3.2429e-05,0,1,0.388,0.388,0.5,0
2.4965e-05,-3.2429e-05,0,1,0.389,0.389,0.5,0
2.5029e-05,-3.2429e-05,0,1,0.39,0.39,0.5,0
2.5093e-05,-3.2429e-05,0,1,0.391,0.391,0.5,0
2.5158e-05,-3.2429e-05,0,1,0.392,0.392,0.5,0
2.5222e-05,-3.2429e-05,0,1,0.393,0.393,0.5,0
2.5286e-05,-3.2429e-05,0,1,0.394,0.394,0.5,0
2.535e-05,-3.2429e-05,0,1,0.395,0.395,0.5,0
2.5414e-05,-3.2429e-05,0,1,0.396,0.396,0.5,0
2.5479e-05,-3.2429e-05,0,1,0.397,0.397,0.5,0
2.5543e-05,-3.2429e-05,0,1,0.398,0.398,0.5,0
2.5607e-05,-3.2429e-05,0,1,0.399,0.399,0.5,0
2.5671e-05,-3.2429e-05,0,1,0.4,0.4,0.5,0
2.5735e-05,-3.2429e-05,0,1,0.401,0.401,0.5,0
2.5799e-05,-3.2429e-05,0,1,0.402,0.402,0.5,0
2.5864e-05,-3.2429e-05,0,1,0.403,0.403,0.5,0
2.5928e-05,-3.2429e-05,0,1,0.404,0.404,0.5,0
2.5992e-05,-3.2429e-05,0,1,0.405,0.405,0.5,0
2.6056e-05,-3.2429e-05,0,1,0.406,0.406,0.5,0
2.612e-05,-3.2429e-05,0,1,0.407,0.407,0.5,0
2.6185e-05,-3.2429e-05,0,1,0.408,0.408,0.5,0
2.6249e-05,-3.2429e-05,0,1,0.409,0.409,0.5,0
2.6313e-05,-3.2429e-05,0,1,0.41,0.41,0.5,0
2.6377e-05,-3.2429e-05,0,1,0.411,0.411,0.5,0
2.6441e-05,-3.2429e-05,0,1,0.412,0.412,0.5,0
2.6505e-05,-3.2429e-05,0,1,0.413,0.413,0.5,0
2.657e-05,-3.2429e-05,0,1,0.414,0.414,0.5,0
2.6634e-05,-3.2429e-05,0,1,0.415,0.415,0.5,0
2.6698e-05,-3.2429e-05,0,1,0.416,0.416,0.5,0
2.6762e-05,-3.2429e-05,0,1,0.417,0.417,0.5,0
2.6826e-05,-3.2429e-05,0,1,0.418,0.418,0.5,0
2.689e-05,-3.2429e-05,0,1,0.419,0.419,0.5,0
2.6955e-05,-3.2429e-05,0,1,0.42,0.42,0.5,0
2.7019e-05,-3.2429e-05,0,1,0.421,0.421,0.5,0
2.7083e-05,-3.2429e-05,0,1,0.422,0.422,0.5,0
2.7147e-05,-3.2429e-05,0,1,0.423,0.423,0.5,0
2.7211e-05,-3.2429e-05,0,1,0.424,0.424,0.5,0
2.7276e-05,-3.2429e-05,0,1,0.425,0.425,0.5,0
2.734e-05,-3.2429e-05,0,1,0.426,0.426,0.5,0
2.7404e-05,-3.2429e-05,0,1,0.427,0.427,0.5,0
2.7468e-05,-3.2429e-05,0,1,0.428,0.428,0.5,0
2.7532e-05,-3.2429e-05,0,1,0.429,0.429,0.5,0
2.7596e-05,-3.2429e-05,0,1,0.43,0.43,0.5,0
2.7661e-05,-3.2429e-05,0,1,0.431,0.431,0.5,0
2.7725e-05,-3.2429e-05,0,1,0.432,0.432,0.5,0
2.7789e-05,-3.2429e-05,0,1,0.433,0.433,0.5,0
2.7853e-05,-3.2429e-05,0,1,0.434,0.434,0.5,0
2.7917e-05,-3.2429e-05,0,1,0.435,0.435,0.5,0
2.7981e-05,-3.2429e-05,0,1,0.436,0.436,0.5,0
2.8046e-05,-3.2429e-05,0,1,0.437,0.437,0.5,0
2.811e-05,-3.2429e-05,0,1,0.438,0.438,0.5,0
2.8174e-05,-3.2429e-05,0,1,0.439,0.439,0.5,0
2.8238e-05,-3.2429e-05,0,1,0.44,0.44,0.5,0
2.8302e-05,-3.2429e-05,0,1,0.441,0.441,0.5,0
2.8367e-05,-3.2429e-05,0,1,0.442,0.442,0.5,0
2.8431e-05,-3.2429e-05,0,1,0.443,0.443,0.5,0
2.8495e-05,-3.2429e-05,0,1,0.444,0.444,0.5,0
2.8559e-05,-3.2429e-05,0,1,0.445,0.445,0.5,0
2.8623e-05,-3.2429e-05,0,1,0.446,0.446,0.5,0
2.8687e-05,-3.2429e-05,0,1,0.447,0.447,0.5,0
2.8752e-05,-3.2429e-05,0,1,0.448,0.448,0.5,0
2.8816e-05,-3.2429e-05,0,1,0.449,0.449,0.5,0
2.888e-05,-3.2429e-05,0,1,0.45,0.45,0.5,0
2.8944e-05,-3.2429e-05,0,1,0.451,0.451,0.5,0
2.9008e-05,-3.2429e-05,0,1,0.452,0.452,0.5,0
2.9073e-05,-3.2429e-05,0,1,0.453,0.453,0.5,0
2.9137e-05,-3.2429e-05,0,1,0.454,0.454,0.5,0
2.9201e-05,-3.2429e-05,0,1,0.455,0.455,0.5,0
2.9265e-05,-3.2429e-05,0,1,0.456,0.456,0.5,0
2.9329e-05,-3.2429e-05,0,1,0.457,0.457,0.5,0
2.9393e-05,-3.2429e-05,0,1,0.458,0.458,0.5,0
2.9458e-05,-3.2429e-05,0,1,0.459,0.459,0.5,0
2.9522e-05,-3.2429e-05,0,1,0.46,0.46,0.5,0
2.9586e-05,-3.2429e-05,0,1,0.461,0.461,0.5,0
2.965e-05,-3.2429e-05,0,1,0.462,0.462,0.5,0
2.9714e-05,-3.2429e-05,0,1,0.463,0.463,0.5,0
2.9778e-05,-3.2429e-05,0,1,0.464,0.464,0.5,0
2.9843e-05,-3.2429e-05,0,1,0.465,0.465,0.5,0
2.9907e-05,-3.2429e-05,0,1,0.466,0.466,0.5,0
2.9971e-05,-3.2429e-05,0,1,0.467,0.467,0.5,0
3.0035e-05,-3.2429e-05,0,1,0.468,0.468,0.5,0
3.0099e-05,-3.2429e-05,0,1,0.469,0.469,0.5,0
3.0164e-05,-3.2429e-05,0,1,0.47,0.47,0.5,0
3.0228e-05,-3.2429e-05,0,1,0.471,0.471,0.5,0
3.0292e-05,-3.2429e-05,0,1,0.472,0.472,0.5,0
3.0356e-05,-3.2429e-05,0,1,0.473,0.473,0.5,0
3.042e-05,-3.2429e-05,0,1,0.474,0.474,0.5,0
3.0484e-05,-3.2429e-05,0,1,0.475,0.475,0.5,0
3.0549e-05,-3.2429e-05,0,1,0.476,0.476,0.5,0
3.0613e-05,-3.2429e-05,0,1,0.477,0.477,0.5,0
3.0677e-05,-3.2429e-05,0,1,0.478,0.478,0.5,0
3.0741e-05,-3.2429e-05,0,1,0.479,0.479,0.5,0
3.0805e-05,-3.2429e-05,0,1,0.48,0.48,0.5,0
3.0869e-05,-3.2429e-05,0,1,0.481,0.481,0.5,0
3.0934e-05,-3.2429e-05,0,1,0.482,0.482,0.5,0
3.0998e-05,-3.2429e-05,0,1,0.483,0.483,0.5,0
3.1062e-05,-3.2429e-05,0,1,0.484,0.484,0.5,0
3.1126e-05,-3.2429e-05,0,1,0.485,0.485,0.5,0
3.119e-05,-3.2429e-05,0,1,0.486,0.486,0.5,0
3.1255e-05,-3.2429e-05,0,1,0.487,0.487,0.5,0
3.1319e-05,-3.2429e-05,0,1,0.488,0.488,0.5,0
3.1383e-05,-3.2429e-05,0,1,0.489,0.489,0.5,0
3.1447e-05,-3.2429e-05,0,1,0.49,0.49,0.5,0
3.1511e-05,-3.2429e-05,0,1,0.491,0.491,0.5,0
3.1575e-05,-3.2429e-05,0,1,0.492,0.492,0.5,0
3.164e-05,-3.2429e-05,0,1,0.493,0.493,0.5,0
3.1704e-05,-3.2429e-05,0,1,0.494,0.494,0.5,0
3.1768e-05,-3.2429e-05,0,1,0.495,0.495,0.5,0
3.1832e-05,-3.2429e-05,0,1,0.496,0.496,0.5,0
3.1896e-05,-3.2429e-05,0,1,0.497,0.497,0.5,0
3.196e-05,-3.2429e-05,0,1,0.498,0.498,0.5,0
3.2025e-05,-3.2429e-05,0,1,0.499,0.499,0.5,0
3.2089e-05,-3.2429e-05,0,1,0.5,0.5,0.5,0
3.2153e-05,-3.2429e-05,0,1,0.501,0.501,0.5,0
3.2217e-05,-3.2429e-05,0,1,0.502,0.502,0.5,0
3.2281e-05,-3.2429e-05,0,1,0.503,0.503,0.5,0
3.2346e-05,-3.2429e-05,0,1,0.504,0.504,0.5,0
3.241e-05,-3.2429e-05,0,1,0.505,0.505,0.5,0
3.2474e-05,-3.2429e-05,0,1,0.506,0.506,0.5,0
3.2538e-05,-3.2429e-05,0,1,0.507,0.507,0.5,0
3.2602e-05,-3.2429e-05,0,1,0.508,0.508,0.5,0
3.2666e-05,-3.2429e-05,0,1,0.509,0.509,0.5,0
3.2731e-05,-3.2429e-05,0,1,0.51,0.51,0.5,0
3.2795e-05,-3.2429e-05,0,1,0.511,0.511,0.5,0
3.2859e-05,-3.2429e-05,0,1,0.512,0.512,0.5,0
3.2923e-05,-3.2429e-05,0,1,0.513,0.513,0.5,0
3.2987e-05,-3.2429e-05,0,1,0.514,0.514,0.5,0
3.3051e-05,-3.2429e-05,0,1,0.515,0.515,0.5,0
3.3116e-05,-3.2429e-05,0,1,0.516,0.516,0.5,0
3.318e-05,-3.2429e-05,0,1,0.517,0.517,0.5,0
3.3244e-05,-3.2429e-05,0,1,0.518,0.518,0.5,0
3.3308e-05,-3.2429e-05,0,1,0.519,0.519,0.5,0
3.3372e-05,-3.2429e-05,0,1,0.52,0.52,0.5,0
3.3437e-05,-3.2429e-05,0,1,0.521,0.521,0.5,0
3.3501e-05,-3.2429e-05,0,1,0.522,0.522,0.5,0
3.3565e-05,-3.2429e-05,0,1,0.523,0.523,0.5,0
3.3629e-05,-3.2429e-05,0,1,0.524,0.524,0.5,0
3.3693e-05,-3.2429e-05,0,1,0.525,0.525,0.5,0
3.3757e-05,-3.2429e-05,0,1,0.526,0.526,0.5,0
3.3822e-05,-3.2429e-05,0,1,0.527,0.527,0.5,0
3.3886e-05,-3.2429e-05,0,1,0.528,0.528,0.5,0
3.395e-05,-3.2429e-05,0,1,0.529,0.529,0.5,0
3.4014e-05,-3.2429e-05,0,1,0.53,0.53,0.5,0
3.4078e-05,-3.2429e-05,0,1,0.531,0.531,0.5,0
3.4142e-05,-3.2429e-05,0,1,0.532,0.532,0.5,0
3.4207e-05,-3.2429e-05,0,1,0.533,0.533,0.5,0
3.4271e-05,-3.2429e-05,0,1,0.534,0.534,0.5,0
3.4335e-05,-3.2429e-05,0,1,0.535,0.535,0.5,0
3.4399e-05,-3.2429e-05,0,1,0.536,0.536,0.5,0
3.4463e-05,-3.2429e-05,0,1,0.537,0.537,0.5,0
3.4527e-05,-3.2429e-05,0,1,0.538,0.538,0.5,0
3.4592e-05,-3.2429e-05,0,1,0.539,0.539,0.5,0
3.4656e-05,-3.2429e-05,0,1,0.54,0.54,0.5,0
3.472e-05,-3.2429e-05,0,1,0.541,0.541,0.5,0
3.4784e-05,-3.2429e-05,0,1,0.542,0.542,0.5,0
3.4848e-05,-3.2429e-05,0,1,0.543,0.543,0.5,0
3.4913e-05,-3.2429e-05,0,1,0.544,0.544,0.5,0
3.4977e-05,-3.2429e-05,0,1,0.545,0.545,0.5,0
3.5041e-05,-3.2429e-05,0,1,0.546,0.546,0.5,0
3.5105e-05,-3.2429e-05,0,1,0.547,0.547,0.5,0
3.5169e-05,-3.2429e-05,0,1,0.548,0.548,0.5,0
3.5233e-05,-3.2429e-05,0,1,0.549,0.549,0.5,0
3.5298e-05,-3.2429e-05,0,1,0.55,0.55,0.5,0
3.5362e-05,-3.2429e-05,0,1,0.551,0.551,0.5,0
3.5426e-05,-3.2429e-05,0,1,0.552,0.552,0.5,0
3.549e-05,-3.2429e-05,0,1,0.553,0.553,0.5,0
3.5554e-05,-3.2429e-05,0,1,0.554,0.554,0.5,0
3.5618e-05,-3.2429e-05,0,1,0.555,0.555,0.5,0
3.5683e-05,-3.2429e-05,0,1,0.556,0.556,0.5,0
3.5747e-05,-3.2429e-05,0,1,0.557,0.557,0.5,0
3.5811e-05,-3.2429e-05,0,1,0.558,0.558,0.5,0
3.5875e-05,-3.2429e-05,0,1,0.559,0.559,0.5,0
3.5939e-05,-3.2429e-05,0,1,0.56,0.56,0.5,0
3.6003e-05,-3.2429e-05,0,1,0.561,0.561,0.5,0
3.6068e-05,-3.2429e-05,0,1,0.562,0.562,0.5,0
3.6132e-05,-3.2429e-05,0,1,0.563,0.563,0.5,0
3.6196e-05,-3.2429e-05,0,1,0.564,0.564,0.5,0
3.626e-05,-3.2429e-05,0,1,0.565,0.565,0.5,0
3.6324e-05,-3.2429e-05,0,1,0.566,0.566,0.5,0
3.6388e-05,-3.2429e-05,0,1,0.567,0.567,0.5,0
3.6453e-05,-3.2429e-05,0,1,0.568,0.568,0.5,0
3.6517e-05,-3.2429e-05,0,1,0.569,0.569,0.5,0
3.6581e-05,-3.2429e-05,0,1,0.57,0.57,0.5,0
3.6645e-05,-3.2429e-05,0,1,0.571,0.571,0.5,0
3.6709e-05,-3.2429e-05,0,1,0.572,0.572,0.5,0
3.6773e-05,-3.2429e-05,0,1,0.573,0.573,0.5,0
3.6838e-05,-3.2429e-05,0,1,0.574,0.574,0.5,0
3.6902e-05,-3.2429e-05,0,1,0.575,0.575,0.5,0
3.6966e-05,-3.2429e-05,0,1,0.576,0.576,0.5,0
3.703e-05,-3.2429e-05,0,1,0.577,0.577,0.5,0
3.7094e-05,-3.2429e-05,0,1,0.578,0.578,0.5,0
3.7158e-05,-3.2429e-05,0,1,0.579,0.579,0.5,0
3.7223e-05,-3.2429e-05,0,1,0.58,0.58,0.5,0
3.7287e-05,-3.2429e-05,0,1,0.581,0.581,0.5,0
3.7351e-05,-3.2429e-05,0,1,0.582,0.582,0.5,0
3.7415e-05,-3.2429e-05,0,1,0.583,0.583,0.5,0
3.7479e-05,-3.2429e-05,0,1,0.584,0.584,0.5,0
3.7543e-05,-3.2429e-05,0,1,0.585,0.585,0.5,0
3.7607e-05,-3.2429e-05,0,1,0.586,0.586,0.5,0
3.7672e-05,-3.2429e-05,0,1,0.587,0.587,0.5,0
3.7736e-05,-3.2429e-05,0,1,0.588,0.588,0.5,0
3.78e-05,-3.2429e-05,0,1,0.589,0.589,0.5,0
3.7864e-05,-3.2429e-05,0,1,0.59,0.59,0.5,0
3.7928e-05,-3.2429e-05,0,1,0.591,0.591,0.5,0
3.7992e-05,-3.2429e-05,0,1,0.592,0.592,0.5,0
3.8056e-05,-3.2429e-05,0,1,0.593,0.593,0.5,0
3.8121e-05,-3.2429e-05,0,1,0.594,0.594,0.5,0
3.8185e-05,-3.2429e-05,0,1,0.595,0.595,0.5,0
3.8249e-05,-3.2429e-05,0,1,0.596,0.596,0.5,0
3.8313e-05,-3.2429e-05,0,1,0.597,0.597,0.5,0
3.8377e-05,-3.2429e-05,0,1,0.598,0.598,0.5,0
3.8441e-05,-3.2429e-05,0,1,0.599,0.599,0.5,0
3.8506e-05,-3.2429e-05,0,1,0.6,0.6,0.5,0
3.857e-05,-3.2429e-05,0,1,0.601,0.601,0.5,0
3.8634e-05,-3.2429e-05,0,1,0.602,0.602,0.5,0
3.8698e-05,-3.2429e-05,0,1,0.603,0.603,0.5,0
3.8762e-05,-3.2429e-05,0,1,0.604,0.604,0.5,0
3.8826e-05,-3.2429e-05,0,1,0.605,0.605,0.5,0
3.889e-05,-3.2429e-05,0,1,0.606,0.606,0.5,0
3.8954e-05,-3.2429e-05,0,1,0.607,0.607,0.5,0
3.9019e-05,-3.2429e-05,0,1,0.608,0.608,0.5,0
3.9083e-05,-3.2429e-05,0,1,0.609,0.609,0.5,0
3.9147e-05,-3.2429e-05,0,1,0.61,0.61,0.5,0
3.9211e-05,-3.2429e-05,0,1,0.611,0.611,0.5,0
3.9275e-05,-3.2429e-05,0,1,0.612,0.612,0.5,0
3.9339e-05,-3.2429e-05,0,1,0.613,0.613,0.5,0
3.9403e-05,-3.2429e-05,0,1,0.614,0.614,0.5,0
3.9467e-05,-3.2429e-05,0,1,0.615,0.615,0.5,0
3.9532e-05,-3.2429e-05,0,1,0.616,0.616,0.5,0
3.9596e-05,-3.2429e-05,0,1,0.617,0.617,0.5,0
3.966e-05,-3.2429e-05,0,1,0.618,0.618,0.5,0
3.9724e-05,-3.2429e-05,0,1,0.619,0.619,0.5,0
3.9788e-05,-3.2429e-05,0,1,0.62,0.62,0.5,0
3.9852e-05,-3.2429e-05,0,1,0.621,0.621,0.5,0
3.9916e-05,-3.2429e-05,0,1,0.622,0.622,0.5,0
3.998e-05,-3.2429e-05,0,1,0.623,0.623,0.5,0
4.0045e-05,-3.2429e-05,0,1,0.624,0.624,0.5,0
4.0109e-05,-3.2429e-05,0,1,0.625,0.625,0.5,0
4.0173e-05,-3.2429e-05,0,1,0.626,0.626,0.5,0
4.0237e-05,-3.2429e-05,0,1,0.627,0.627,0.5,0
4.0301e-05,-3.2429e-05,0,1,0.628,0.628,0.5,0
4.0365e-05,-3.2429e-05,0,1,0.629,0.629,0.5,0
4.0429e-05,-3.2429e-05,0,1,0.63,0.63,0.5,0
4.0493e-05,-3.2429e-05,0,1,0.631,0.631,0.5,0
4.0557e-05,-3.2429e-05,0,1,0.632,0.632,0.5,0
4.0621e-05,-3.2429e-05,0,1,0.633,0.633,0.5,0
4.0685e-05,-3.2429e-05,0,1,0.634,0.634,0.5,0
4.0749e-05,-3.2429e-05,0,1,0.635,0.635,0.5,0
4.0814e-05,-3.2429e-05,0,1,0.636,0.636,0.5,0
4.0878e-05,-3.2429e-05,0,1,0.637,0.637,0.5,0
4.0942e-05,-3.2429e-05,0,1,0.638,0.638,0.5,0
4.1006e-05,-3.2429e-05,0,1,0.639,0.639,0.5,0
4.107e-05,-3.2429e-05,0,1,0.64,0.64,0.5,0
4.1134e-05,-3.2429e-05,0,1,0.641,0.641,0.5,0
4.1198e-05,-3.2429e-05,0,1,0.642,0.642,0.5,0
4.1262e-05,-3.2429e-05,0,1,0.643,0.643,0.5,0
4.1326e-05,-3.2429e-05,0,1,0.644,0.644,0.5,0
4.139e-05,-3.2429e-05,0,1,0.645,0.645,0.5,0
4.1454e-05,-3.2429e-05,0,1,0.646,0.646,0.5,0
4.1518e-05,-3.2429e-05,0,1,0.647,0.647,0.5,0
4.1582e-05,-3.2429e-05,0,1,0.648,0.648,0.5,0
4.1646e-05,-3.2429e-05,0,1,0.649,0.649,0.5,0
4.171e-05,-3.2429e-05,0,1,0.65,0.65,0.5,0
4.1774e-05,-3.2429e-05,0,1,0.651,0.651,0.5,0
4.1838e-05,-3.2429e-05,0,1,0.652,0.652,0.5,0
4.1902e-05,-3.2429e-05,0,1,0.653,0.653,0.5,0
4.1966e-05,-3.2429e-05,0,1,0.654,0.654,0.5,0
4.203e-05,-3.2429e-05,0,1,0.655,0.655,0.5,0
4.2094e-05,-3.2429e-05,0,1,0.656,0.656,0.5,0
4.2158e-05,-3.2429e-05,0,1,0.657,0.657,0.5,0
4.2222e-05,-3.2429e-05,0,1,0.658,0.658,0.5,0
4.2286e-05,-3.2429e-05,0,1,0.659,0.659,0.5,0
4.235e-05,-3.2429e-05,0,1,0.66,0.66,0.5,0
4.2414e-05,-3.2429e-05,0,1,0.661,0.661,0.5,0
4.2478e-05,-3.2429e-05,0,1,0.662,0.662,0.5,0
4.2542e-05,-3.2429e-05,0,1,0.663,0.663,0.5,0
4.2606e-05,-3.2429e-05,0,1,0.664,0.664,0.5,0
4.267e-05,-3.2429e-05,0,1,0.665,0.665,0.5,0
4.2734e-05,-3.2429e-05,0,1,0.666,0.666,0.5,0
4.2798e-05,-3.2429e-05,0,1,0.667,0.667,0.5,0
4.2862e-05,-3.2429e-05,0,1,0.668,0.668,0.5,0
4.2926e-05,-3.2429e-05,0,1,0.669,0.669,0.5,0
4.299e-05,-3.2429e-05,0,1,0.67,0.67,0.5,0
4.3054e-05,-3.2429e-05,0,1,0.671,0.671,0.5,0
4.3118e-05,-3.2429e-05,0,1,0.672,0.672,0.5,0
4.3182e-05,-3.2429e-05,0,1,0.673,0.673,0.5,0
4.3246e-05,-3.2429e-05,0,1,0.674,0.674,0.5,0
4.3309e-05,-3.2429e-05,0,1,0.675,0.675,0.5,0
4.3373e-05,-3.2429e-05,0,1,0.676,0.676,0.5,0
4.3437e-05,-3.2429e-05,0,1,0.677,0.677,0.5,0
4.3501e-05,-3.2429e-05,0,1,0.678,0.678,0.5,0
4.3565e-05,-3.2429e-05,0,1,0.679,0.679,0.5,0
4.3629e-05,-3.2429e-05,0,1,0.68,0.68,0.5,0
4.3693e-05,-3.2429e-05,0,1,0.681,0.681,0.5,0
4.3757e-05,-3.2429e-05,0,1,0.682,0.682,0.5,0
4.382e-05,-3.2429e-05,0,1,0.683,0.683,0.5,0
4.3884e-05,-3.2429e-05,0,1,0.684,0.684,0.5,0
4.3948e-05,-3.2429e-05,0,1,0.685,0.685,0.5,0
4.4012e-05,-3.2429e-05,0,1,0.686,0.686,0.5,0
4.4076e-05,-3.2429e-05,0,1,0.687,0.687,0.5,0
4.414e-05,-3.2429e-05,0,1,0.688,0.688,0.5,0
4.4203e-05,-3.2429e-05,0,1,0.689,0.689,0.5,0
4.4267e-05,-3.2429e-05,0,1,0.69,0.69,0.5,0
4.4331e-05,-3.2429e-05,0,1,0.691,0.691,0.5,0
4.4395e-05,-3.2429e-05,0,1,0.692,0.692,0.5,0
4.4458e-05,-3.2429e-05,0,1,0.693,0.693,0.5,0
4.4522e-05,-3.2429e-05,0,1,0.694,0.694,0.5,0
4.4586e-05,-3.2429e-05,0,1,0.695,0.695,0.5,0
4.4649e-05,-3.2429e-05,0,1,0.696,0.696,0.5,0
4.4713e-05,-3.2429e-05,0,1,0.697,0.697,0.5,0
4.4777e-05,-3.2429e-05,0,1,0.698,0.698,0.5,0
4.484e-05,-3.2429e-05,0,1,0.699,0.699,0.5,0
4.4904e-05,-3.2429e-05,0,1,0.7,0.7,0.5,0
4.4968e-05,-3.2429e-05,0,1,0.701,0.701,0.5,0
4.5031e-05,-3.2429e-05,0,1,0.702,0.702,0.5,0
4.5095e-05,-3.2429e-05,0,1,0.703,0.703,0.5,0
4.5159e-05,-3.2429e-05,0,1,0.704,0.704,0.5,0
4.5222e-05,-3.2429e-05,0,1,0.705,0.705,0.5,0
4.5286e-05,-3.2429e-05,0,1,0.706,0.706,0.5,0
4.535e-05,-3.2429e-05,0,1,0.707,0.707,0.5,0
4.5414e-05,-3.2429e-05,0,1,0.708,0.708,0.5,0
4.5477e-05,-3.2429e-05,0,1,0.709,0.709,0.5,0
4.554e-05,-3.2429e-05,0,1,0.71,0.71,0.5,0
4.5604e-05,-3.2429e-05,0,1,0.711,0.711,0.5,0
4.5667e-05,-3.2429e-05,0,1,0.712,0.712,0.5,0
4.5731e-05,-3.2429e-05,0,1,0.713,0.713,0.5,0
4.5794e-05,-3.2429e-05,0,1,0.714,0.714,0.5,0
4.5857e-05,-3.2429e-05,0,1,0.715,0.715,0.5,0
4.5921e-05,-3.2429e-05,0,1,0.716,0.716,0.5,0
4.5984e-05,-3.2429e-05,0,1,0.717,0.717,0.5,0
4.6047e-05,-3.2429e-05,0,1,0.718,0.718,0.5,0
4.6111e-05,-3.2429e-05,0,1,0.719,0.719,0.5,0
4.6174e-05,-3.2429e-05,0,1,0.72,0.72,0.5,0
4.6238e-05,-3.2429e-05,0,1,0.721,0.721,0.5,0
4.6301e-05,-3.2429e-05,0,1,0.722,0.722,0.5,0
4.6364e-05,-3.2429e-05,0,1,0.723,0.723,0.5,0
4.6428e-05,-3.2429e-05,0,1,0.724,0.724,0.5,0
4.6491e-05,-3.2429e-05,0,1,0.725,0.725,0.5,0
4.6555e-05,-3.2429e-05,0,1,0.726,0.726,0.5,0
4.6618e-05,-3.2429e-05,0,1,0.727,0.727,0.5,0
4.6681e-05,-3.2429e-05,0,1,0.728,0.728,0.5,0
4.6745e-05,-3.2429e-05,0,1,0.729,0.729,0.5,0
4.6808e-05,-3.2429e-05,0,1,0.73,0.73,0.5,0
4.6871e-05,-3.2429e-05,0,1,0.731,0.731,0.5,0
4.6934e-05,-3.2429e-05,0,1,0.732,0.732,0.5,0
4.6996e-05,-3.2429e-05,0,1,0.733,0.733,0.5,0
4.7059e-05,-3.2429e-05,0,1,0.734,0.734,0.5,0
4.7122e-05,-3.2429e-05,0,1,0.735,0.735,0.5,0
4.7185e-05,-3.2429e-05,0,1,0.736,0.736,0.5,0
4.7248e-05,-3.2429e-05,0,1,0.737,0.737,0.5,0
4.7311e-05,-3.2429e-05,0,1,0.738,0.738,0.5,0
4.7374e-05,-3.2429e-05,0,1,0.739,0.739,0.5,0
4.7437e-05,-3.2429e-05,0,1,0.74,0.74,0.5,0
4.75e-05,-3.2429e-05,0,1,0.741,0.741,0.5,0
4.7563e-05,-3.2429e-05,0,1,0.742,0.742,0.5,0
4.7626e-05,-3.2429e-05,0,1,0.743,0.743,0.5,0
4.7689e-05,-3.2429e-05,0,1,0.744,0.744,0.5,0
4.7752e-05,-3.2429e-05,0,1,0.745,0.745,0.5,0
4.7814e-05,-3.2429e-05,0,1,0.746,0.746,0.5,0
4.7877e-05,-3.2429e-05,0,1,0.747,0.747,0.5,0
4.794e-05,-3.2429e-05,0,1,0.748,0.748,0.5,0
4.8003e-05,-3.2429e-05,0,1,0.749,0.749,0.5,0
4.8066e-05,-3.2429e-05,0,1,0.75,0.75,0.5,0
4.8128e-05,-3.2429e-05,0,1,0.751,0.751,0.5,0
4.8191e-05,-3.2429e-05,0,1,0.752,0.752,0.5,0
4.8253e-05,-3.2429e-05,0,1,0.753,0.753,0.5,0
4.8315e-05,-3.2429e-05,0,1,0.754,0.754,0.5,0
4.8378e-05,-3.2429e-05,0,1,0.755,0.755,0.5,0
4.844e-05,-3.2429e-05,0,1,0.756,0.756,0.5,0
4.8502e-05,-3.2429e-05,0,1,0.757,0.757,0.5,0
4.8564e-05,-3.2429e-05,0,1,0.758,0.758,0.5,0
4.8627e-05,-3.2429e-05,0,1,0.759,0.759,0.5,0
4.8689e-05,-3.2429e-05,0,1,0.76,0.76,0.5,0
4.8751e-05,-3.2429e-05,0,1,0.761,0.761,0.5,0
4.8813e-05,-3.2429e-05,0,1,0.762,0.762,0.5,0
4.8876e-05,-3.2429e-05,0,1,0.763,0.763,0.5,0
4.8938e-05,-3.2429e-05,0,1,0.764,0.764,0.5,0
4.9e-05,-3.2429e-05,0,1,0.765,0.765,0.5,0
4.9062e-05,-3.2429e-05,0,1,0.766,0.766,0.5,0
4.9125e-05,-3.2429e-05,0,1,0.767,0.767,0.5,0
4.9187e-05,-3.2429e-05,0,1,0.768,0.768,0.5,0
4.9249e-05,-3.2429e-05,0,1,0.769,0.769,0.5,0
4.9311e-05,-3.2429e-05,0,1,0.77,0.77,0.5,0
4.9374e-05,-3.2429e-05,0,1,0.771,0.771,0.5,0
4.9435e-05,-3.2429e-05,0,1,0.772,0.772,0.5,0
4.9496e-05,-3.2429e-05,0,1,0.773,0.773,0.5,0
4.9558e-05,-3.2429e-05,0,1,0.774,0.774,0.5,0
4.9619e-05,-3.2429e-05,0,1,0.775,0.775,0.5,0
4.968e-05,-3.2429e-05,0,1,0.776,0.776,0.5,0
4.9742e-05,-3.2429e-05,0,1,0.777,0.777,0.5,0
4.9803e-05,-3.2429e-05,0,1,0.778,0.778,0.5,0
4.9864e-05,-3.2429e-05,0,1,0.779,0.779,0.5,0
4.9925e-05,-3.2429e-05,0,1,0.78,0.78,0.5,0
4.9987e-05,-3.2429e-05,0,1,0.781,0.781,0.5,0
5.0048e-05,-3.2429e-05,0,1,0.782,0.782,0.5,0
5.0109e-05,-3.2429e-05,0,1,0.783,0.783,0.5,0
5.0171e-05,-3.2429e-05,0,1,0.784,0.784,0.5,0
5.0232e-05,-3.2429e-05,0,1,0.785,0.785,0.5,0
5.0293e-05,-3.2429e-05,0,1,0.786,0.786,0.5,0
5.0355e-05,-3.2429e-05,0,1,0.787,0.787,0.5,0
5.0416e-05,-3.2429e-05,0,1,0.788,0.788,0.5,0
5.0477e-05,-3.2429e-05,0,1,0.789,0.789,0.5,0
5.0539e-05,-3.2429e-05,0,1,0.79,0.79,0.5,0
5.06e-05,-3.2429e-05,0,1,0.791,0.791,0.5,0
5.0661e-05,-3.2429e-05,0,1,0.792,0.792,0.5,0
5.0721e-05,-3.2429e-05,0,1,0.793,0.793,0.5,0
5.0781e-05,-3.2429e-05,0,1,0.794,0.794,0.5,0
5.0841e-05,-3.2429e-05,0,1,0.795,0.795,0.5,0
5.0901e-05,-3.2429e-05,0,1,0.796,0.796,0.5,0
5.0961e-05,-3.2429e-05,0,1,0.797,0.797,0.5,0
5.1021e-05,-3.2429e-05,0,1,0.798,0.798,0.5,0
5.1081e-05,-3.2429e-05,0,1,0.799,0.799,0.5,0
5.1141e-05,-3.2429e-05,0,1,0.8,0.8,0.5,0
5.1201e-05,-3.2429e-05,0,1,0.801,0.801,0.5,0
5.1261e-05,-3.2429e-05,0,1,0.802,0.802,0.5,0
5.1321e-05,-3.2429e-05,0,1,0.803,0.803,0.5,0
5.1381e-05,-3.2429e-05,0,1,0.804,0.804,0.5,0
5.1441e-05,-3.2429e-05,0,1,0.805,0.805,0.5,0
5.1501e-05,-3.2429e-05,0,1,0.806,0.806,0.5,0
5.1561e-05,-3.2429e-05,0,1,0.807,0.807,0.5,0
5.1622e-05,-3.2429e-05,0,1,0.808,0.808,0.5,0
5.1682e-05,-3.2429e-05,0,1,0.809,0.809,0.5,0
5.1742e-05,-3.2429e-05,0,1,0.81,0.81,0.5,0
5.1802e-05,-3.2429e-05,0,1,0.811,0.811,0.5,0
5.1862e-05,-3.2429e-05,0,1,0.812,0.812,0.5,0
5.1921e-05,-3.2429e-05,0,1,0.813,0.813,0.5,0
5.1979e-05,-3.2429e-05,0,1,0.814,0.814,0.5,0
5.2037e-05,-3.2429e-05,0,1,0.815,0.815,0.5,0
5.2096e-05,-3.2429e-05,0,1,0.816,0.816,0.5,0
5.2154e-05,-3.2429e-05,0,1,0.817,0.817,0.5,0
5.2212e-05,-3.2429e-05,0,1,0.818,0.818,0.5,0
5.2271e-05,-3.2429e-05,0,1,0.819,0.819,0.5,0
5.2329e-05,-3.2429e-05,0,1,0.82,0.82,0.5,0
5.2387e-05,-3.2429e-05,0,1,0.821,0.821,0.5,0
5.2446e-05,-3.2429e-05,0,1,0.822,0.822,0.5,0
5.2504e-05,-3.2429e-05,0,1,0.823,0.823,0.5,0
5.2562e-05,-3.2429e-05,0,1,0.824,0.824,0.5,0
5.2621e-05,-3.2429e-05,0,1,0.825,0.825,0.5,0
5.2679e-05,-3.2429e-05,0,1,0.826,0.826,0.5,0
5.2737e-05,-3.2429e-05,0,1,0.827,0.827,0.5,0
5.2796e-05,-3.2429e-05,0,1,0.828,0.828,0.5,0
5.2854e-05,-3.2429e-05,0,1,0.829,0.829,0.5,0
5.2912e-05,-3.2429e-05,0,1,0.83,0.83,0.5,0
5.297e-05,-3.2429e-05,0,1,0.831,0.831,0.5,0
5.3029e-05,-3.2429e-05,0,1,0.832,0.832,0.5,0
5.3087e-05,-3.2429e-05,0,1,0.833,0.833,0.5,0
5.3144e-05,-3.2429e-05,0,1,0.834,0.834,0.5,0
5.32e-05,-3.2429e-05,0,1,0.835,0.835,0.5,0
5.3256e-05,-3.2429e-05,0,1,0.836,0.836,0.5,0
5.3312e-05,-3.2429e-05,0,1,0.837,0.837,0.5,0
5.3368e-05,-3.2429e-05,0,1,0.838,0.838,0.5,0
5.3424e-05,-3.2429e-05,0,1,0.839,0.839,0.5,0
5.3481e-05,-3.2429e-05,0,1,0.84,0.84,0.5,0
5.3537e-05,-3.2429e-05,0,1,0.841,0.841,0.5,0
5.3593e-05,-3.2429e-05,0,1,0.842,0.842,0.5,0
5.3649e-05,-3.2429e-05,0,1,0.843,0.843,0.5,0
5.3705e-05,-3.2429e-05,0,1,0.844,0.844,0.5,0
5.3761e-05,-3.2429e-05,0,1,0.845,0.845,0.5,0
5.3817e-05,-3.2429e-05,0,1,0.846,0.846,0.5,0
5.3873e-05,-3.2429e-05,0,1,0.847,0.847,0.5,0
5.3929e-05,-3.2429e-05,0,1,0.848,0.848,0.5,0
5.3985e-05,-3.2429e-05,0,1,0.849,0.849,0.5,0
5.4041e-05,-3.2429e-05,0,1,0.85,0.85,0.5,0
5.4098e-05,-3.2429e-05,0,1,0.851,0.851,0.5,0
5.4154e-05,-3.2429e-05,0,1,0.852,0.852,0.5,0
5.421e-05,-3.2429e-05,0,1,0.853,0.853,0.5,0
5.4266e-05,-3.2429e-05,0,1,0.854,0.854,0.5,0
5.432e-05,-3.2429e-05,0,1,0.855,0.855,0.5,0
5.4373e-05,-3.2429e-05,0,1,0.856,0.856,0.5,0
5.4426e-05,-3.2429e-05,0,1,0.857,0.857,0.5,0
5.4479e-05,-3.2429e-05,0,1,0.858,0.858,0.5,0
5.4533e-05,-3.2429e-05,0,1,0.859,0.859,0.5,0
5.4586e-05,-3.2429e-05,0,1,0.86,0.86,0.5,0
5.4639e-05,-3.2429e-05,0,1,0.861,0.861,0.5,0
5.4693e-05,-3.2429e-05,0,1,0.862,0.862,0.5,0
5.4746e-05,-3.2429e-05,0,1,0.863,0.863,0.5,0
5.4799e-05,-3.2429e-05,0,1,0.864,0.864,0.5,0
5.4853e-05,-3.2429e-05,0,1,0.865,0.865,0.5,0
5.4906e-05,-3.2429e-05,0,1,0.866,0.866,0.5,0
5.4959e-05,-3.2429e-05,0,1,0.867,0.867,0.5,0
5.5012e-05,-3.2429e-05,0,1,0.868,0.868,0.5,0
5.5066e-05,-3.2429e-05,0,1,0.869,0.869,0.5,0
5.5119e-05,-3.2429e-05,0,1,0.87,0.87,0.5,0
5.5172e-05,-3.2429e-05,0,1,0.871,0.871,0.5,0
5.5226e-05,-3.2429e-05,0,1,0.872,0.872,0.5,0
5.5279e-05,-3.2429e-05,0,1,0.873,0.873,0.5,0
5.5332e-05,-3.2429e-05,0,1,0.874,0.874,0.5,0
5.5386e-05,-3.2429e-05,0,1,0.875,0.875,0.5,0
5.5435e-05,-3.2429e-05,0,1,0.876,0.876,0.5,0
5.5485e-05,-3.2429e-05,0,1,0.877,0.877,0.5,0
5.5535e-05,-3.2429e-05,0,1,0.878,0.878,0.5,0
5.5585e-05,-3.2429e-05,0,1,0.879,0.879,0.5,0
5.5635e-05,-3.2429e-05,0,1,0.88,0.88,0.5,0
5.5685e-05,-3.2429e-05,0,1,0.881,0.881,0.5,0
5.5735e-05,-3.2429e-05,0,1,0.882,0.882,0.5,0
5.5785e-05,-3.2429e-05,0,1,0.883,0.883,0.5,0
5.5835e-05,-3.2429e-05,0,1,0.884,0.884,0.5,0
5.5885e-05,-3.2429e-05,0,1,0.885,0.885,0.5,0
5.5934e-05,-3.2429e-05,0,1,0.886,0.886,0.5,0
5.5984e-05,-3.2429e-05,0,1,0.887,0.887,0.5,0
5.6034e-05,-3.2429e-05,0,1,0.888,0.888,0.5,0
5.6084e-05,-3.2429e-05,0,1,0.889,0.889,0.5,0
5.6134e-05,-3.2429e-05,0,1,0.89,0.89,0.5,0
5.6184e-05,-3.2429e-05,0,1,0.891,0.891,0.5,0
5.6234e-05,-3.2429e-05,0,1,0.892,0.892,0.5,0
5.6284e-05,-3.2429e-05,0,1,0.893,0.893,0.5,0
5.6334e-05,-3.2429e-05,0,1,0.894,0.894,0.5,0
5.6384e-05,-3.2429e-05,0,1,0.895,0.895,0.5,0
5.6433e-05,-3.2429e-05,0,1,0.896,0.896,0.5,0
5.6479e-05,-3.2429e-05,0,1,0.897,0.897,0.5,0
5.6525e-05,-3.2429e-05,0,1,0.898,0.898,0.5,0
5.657e-05,-3.2429e-05,0,1,0.899,0.899,0.5,0
5.6616e-05,-3.2429e-05,0,1,0.9,0.9,0.5,0
5.6662e-05,-3.2429e-05,0,1,0.901,0.901,0.5,0
5.6708e-05,-3.2429e-05,0,1,0.902,0.902,0.5,0
5.6754e-05,-3.2429e-05,0,1,0.903,0.903,0.5,0
5.68e-05,-3.2429e-05,0,1,0.904,0.904,0.5,0
5.6846e-05,-3.2429e-05,0,1,0.905,0.905,0.5,0
5.6892e-05,-3.2429e-05,0,1,0.906,0.906,0.5,0
5.6937e-05,-3.2429e-05,0,1,0.907,0.907,0.5,0
5.6983e-05,-3.2429e-05,0,1,0.908,0.908,0.5,0
5.7029e-05,-3.2429e-05,0,1,0.909,0.909,0.5,0
5.7075e-05,-3.2429e-05,0,1,0.91,0.91,0.5,0
5.7121e-05,-3.2429e-05,0,1,0.911,0.911,0.5,0
5.7167e-05,-3.2429e-05,0,1,0.912,0.912,0.5,0
5.7213e-05,-3.2429e-05,0,1,0.913,0.913,0.5,0
5.7259e-05,-3.2429e-05,0,1,0.914,0.914,0.5,0
5.7304e-05,-3.2429e-05,0,1,0.915,0.915,0.5,0
5.735e-05,-3.2429e-05,0,1,0.916,0.916,0.5,0
5.7395e-05,-3.2429e-05,0,1,0.917,0.917,0.5,0
5.7436e-05,-3.2429e-05,0,1,0.918,0.918,0.5,0
5.7477e-05,-3.2429e-05,0,1,0.919,0.919,0.5,0
5.7518e-05,-3.2429e-05,0,1,0.92,0.92,0.5,0
5.756e-05,-3.2429e-05,0,1,0.921,0.921,0.5,0
5.7601e-05,-3.2429e-05,0,1,0.922,0.922,0.5,0
5.7642e-05,-3.2429e-05,0,1,0.923,0.923,0.5,0
5.7683e-05,-3.2429e-05,0,1,0.924,0.924,0.5,0
5.7725e-05,-3.2429e-05,0,1,0.925,0.925,0.5,0
5.7766e-05,-3.2429e-05,0,1,0.926,0.926,0.5,0
5.7807e-05,-3.2429e-05,0,1,0.927,0.927,0.5,0
5.7848e-05,-3.2429e-05,0,1,0.928,0.928,0.5,0
5.789e-05,-3.2429e-05,0,1,0.929,0.929,0.5,0
5.7931e-05,-3.2429e-05,0,1,0.93,0.93,0.5,0
5.7972e-05,-3.2429e-05,0,1,0.931,0.931,0.5,0
5.8013e-05,-3.2429e-05,0,1,0.932,0.932,0.5,0
5.8055e-05,-3.2429e-05,0,1,0.933,0.933,0.5,0
5.8096e-05,-3.2429e-05,0,1,0.934,0.934,0.5,0
5.8137e-05,-3.2429e-05,0,1,0.935,0.935,0.5,0
5.8179e-05,-3.2429e-05,0,1,0.936,0.936,0.5,0
5.822e-05,-3.2429e-05,0,1,0.937,0.937,0.5,0
5.8258e-05,-3.2429e-05,0,1,0.938,0.938,0.5,0
5.8295e-05,-3.2429e-05,0,1,0.939,0.939,0.5,0
5.8331e-05,-3.2429e-05,0,1,0.94,0.94,0.5,0
5.8367e-05,-3.2429e-05,0,1,0.941,0.941,0.5,0
5.8403e-05,-3.2429e-05,0,1,0.942,0.942,0.5,0
5.8439e-05,-3.2429e-05,0,1,0.943,0.943,0.5,0
5.8475e-05,-3.2429e-05,0,1,0.944,0.944,0.5,0
5.8511e-05,-3.2429e-05,0,1,0.945,0.945,0.5,0
5.8547e-05,-3.2429e-05,0,1,0.946,0.946,0.5,0
5.8583e-05,-3.2429e-05,0,1,0.947,0.947,0.5,0
5.8619e-05,-3.2429e-05,0,1,0.948,0.948,0.5,0
5.8656e-05,-3.2429e-05,0,1,0.949,0.949,0.5,0
5.8692e-05,-3.2429e-05,0,1,0.95,0.95,0.5,0
5.8728e-05,-3.2429e-05,0,1,0.951,0.951,0.5,0
5.8764e-05,-3.2429e-05,0,1,0.952,0.952,0.5,0
5.88e-05,-3.2429e-05,0,1,0.953,0.953,0.5,0
5.8836e-05,-3.2429e-05,0,1,0.954,0.954,0.5,0
5.8872e-05,-3.2429e-05,0,1,0.955,0.955,0.5,0
5.8908e-05,-3.2429e-05,0,1,0.956,0.956,0.5,0
5.8944e-05,-3.2429e-05,0,1,0.957,0.957,0.5,0
5.8981e-05,-3.2429e-05,0,1,0.958,0.958,0.5,0
5.9013e-05,-3.2429e-05,0,1,0.959,0.959,0.5,0
5.9043e-05,-3.2429e-05,0,1,0.96,0.96,0.5,0
5.9074e-05,-3.2429e-05,0,1,0.961,0.961,0.5,0
5.9104e-05,-3.2429e-05,0,1,0.962,0.962,0.5,0
5.9135e-05,-3.2429e-05,0,1,0.963,0.963,0.5,0
5.9166e-05,-3.2429e-05,0,1,0.964,0.964,0.5,0
5.9196e-05,-3.2429e-05,0,1,0.965,0.965,0.5,0
5.9227e-05,-3.2429e-05,0,1,0.966,0.966,0.5,0
5.9257e-05,-3.2429e-05,0,1,0.967,0.967,0.5,0
5.9288e-05,-3.2429e-05,0,1,0.968,0.968,0.5,0
5.9318e-05,-3.2429e-05,0,1,0.969,0.969,0.5,0
5.9349e-05,-3.2429e-05,0,1,0.97,0.97,0.5,0
5.9379e-05,-3.2429e-05,0,1,0.971,0.971,0.5,0
5.941e-05,-3.2429e-05,0,1,0.972,0.972,0.5,0
5.944e-05,-3.2429e-05,0,1,0.973,0.973,0.5,0
5.9471e-05,-3.2429e-05,0,1,0.974,0.974,0.5,0
5.9501e-05,-3.2429e-05,0,1,0.975,0.975,0.5,0
5.9532e-05,-3.2429e-05,0,1,0.976,0.976,0.5,0
5.9562e-05,-3.2429e-05,0,1,0.977,0.977,0.5,0
5.9593e-05,-3.2429e-05,0,1,0.978,0.978,0.5,0
5.9623e-05,-3.2429e-05,0,1,0.979,0.979,0.5,0
5.9649e-05,-3.2429e-05,0,1,0.98,0.98,0.5,0
5.9674e-05,-3.2429e-05,0,1,0.981,0.981,0.5,0
5.9698e-05,-3.2429e-05,0,1,0.982,0.982,0.5,0
5.9723e-05,-3.2429e-05,0,1,0.983,0.983,0.5,0
5.9748e-05,-3.2429e-05,0,1,0.984,0.984,0.5,0
5.9772e-05,-3.2429e-05,0,1,0.985,0.985,0.5,0
5.9797e-05,-3.2429e-05,0,1,0.986,0.986,0.5,0
5.9822e-05,-3.2429e-05,0,1,0.987,0.987,0.5,0
5.9846e-05,-3.2429e-05,0,1,0.988,0.988,0.5,0
5.9871e-05,-3.2429e-05,0,1,0.989,0.989,0.5,0
5.9896e-05,-3.2429e-05,0,1,0.99,0.99,0.5,0
5.992e-05,-3.2429e-05,0,1,0.991,0.991,0.5,0
5.9945e-05,-3.2429e-05,0,1,0.992,0.992,0.5,0
5.997e-05,-3.2429e-05,0,1,0.993,0.993,0.5,0
5.9994e-05,-3.2429e-05,0,1,0.994,0.994,0.5,0
6.0019e-05,-3.2429e-05,0,1,0.995,0.995,0.5,0
6.0044e-05,-3.2429e-05,0,1,0.996,0.996,0.5,0
6.0068e-05,-3.2429e-05,0,1,0.997,0.997,0.5,0
6.0093e-05,-3.2429e-05,0,1,0.998,0.998,0.5,0
6.0118e-05,-3.2429e-05,0,1,0.999,0.999,0.5,0
6.0142e-05,-3.2429e-05,0,1,1,1,0.5,0
