"f_10549-1","vtkValidPointMask","arc_length","Points:0","Points:1","Points:2"
0.71551,1,0,0,0.5,0
0.71549,1,0.001,0.001,0.5,0
0.71547,1,0.002,0.002,0.5,0
0.71546,1,0.003,0.003,0.5,0
0.71544,1,0.004,0.004,0.5,0
0.71542,1,0.005,0.005,0.5,0
0.71541,1,0.006,0.006,0.5,0
0.71539,1,0.007,0.007,0.5,0
0.71537,1,0.008,0.008,0.5,0
0.71535,1,0.009,0.009,0.5,0
0.71534,1,0.01,0.01,0.5,0
0.71532,1,0.011,0.011,0.5,0
0.7153,1,0.012,0.012,0.5,0
0.71528,1,0.013,0.013,0.5,0
0.71527,1,0.014,0.014,0.5,0
0.71525,1,0.015,0.015,0.5,0
0.71523,1,0.016,0.016,0.5,0
0.71522,1,0.017,0.017,0.5,0
0.7152,1,0.018,0.018,0.5,0
0.71518,1,0.019,0.019,0.5,0
0.71516,1,0.02,0.02,0.5,0
0.71514,1,0.021,0.021,0.5,0
0.71509,1,0.022,0.022,0.5,0
0.71504,1,0.023,0.023,0.5,0
0.71499,1,0.024,0.024,0.5,0
0.71493,1,0.025,0.025,0.5,0
0.71488,1,0.026,0.026,0.5,0
0.71483,1,0.027,0.027,0.5,0
0.71478,1,0.028,0.028,0.5,0
0.71473,1,0.029,0.029,0.5,0
0.71467,1,0.03,0.03,0.5,0
0.71462,1,0.031,0.031,0.5,0
0.71457,1,0.032,0.032,0.5,0
0.71452,1,0.033,0.033,0.5,0
0.71447,1,0.034,0.034,0.5,0
0.71442,1,0.035,0.035,0.5,0
0.71436,1,0.036,0.036,0.5,0
0.71431,1,0.037,0.037,0.5,0
0.71426,1,0.038,0.038,0.5,0
0.71421,1,0.039,0.039,0.5,0
0.71416,1,0.04,0.04,0.5,0
0.71411,1,0.041,0.041,0.5,0
0.71404,1,0.042,0.042,0.5,0
0.71396,1,0.043,0.043,0.5,0
0.71387,1,0.044,0.044,0.5,0
0.71378,1,0.045,0.045,0.5,0
0.7137,1,0.046,0.046,0.5,0
0.71361,1,0.047,0.047,0.5,0
0.71352,1,0.048,0.048,0.5,0
0.71344,1,0.049,0.049,0.5,0
0.71335,1,0.05,0.05,0.5,0
0.71327,1,0.051,0.051,0.5,0
0.71318,1,0.052,0.052,0.5,0
0.71309,1,0.053,0.053,0.5,0
0.71301,1,0.054,0.054,0.5,0
0.71292,1,0.055,0.055,0.5,0
0.71283,1,0.056,0.056,0.5,0
0.71275,1,0.057,0.057,0.5,0
0.71266,1,0.058,0.058,0.5,0
0.71258,1,0.059,0.059,0.5,0
0.71249,1,0.06,0.06,0.5,0
0.7124,1,0.061,0.061,0.5,0
0.71232,1,0.062,0.062,0.5,0
0.71221,1,0.063,0.063,0.5,0
0.71209,1,0.064,0.064,0.5,0
0.71197,1,0.065,0.065,0.5,0
0.71185,1,0.066,0.066,0.5,0
0.71173,1,0.067,0.067,0.5,0
0.71161,1,0.068,0.068,0.5,0
0.71149,1,0.069,0.069,0.5,0
0.71137,1,0.07,0.07,0.5,0
0.71125,1,0.071,0.071,0.5,0
0.71113,1,0.072,0.072,0.5,0
0.71101,1,0.073,0.073,0.5,0
0.71089,1,0.074,0.074,0.5,0
0.71077,1,0.075,0.075,0.5,0
0.71064,1,0.076,0.076,0.5,0
0.71052,1,0.077,0.077,0.5,0
0.7104,1,0.078,0.078,0.5,0
0.71028,1,0.079,0.079,0.5,0
0.71016,1,0.08,0.08,0.5,0
0.71004,1,0.081,0.081,0.5,0
0.70992,1,0.082,0.082,0.5,0
0.7098,1,0.083,0.083,0.5,0
0.70966,1,0.084,0.084,0.5,0
0.7095,1,0.085,0.085,0.5,0
0.70935,1,0.086,0.086,0.5,0
0.70919,1,0.087,0.087,0.5,0
0.70904,1,0.088,0.088,0.5,0
0.70888,1,0.089,0.089,0.5,0
0.70873,1,0.09,0.09,0.5,0
0.70857,1,0.091,0.091,0.5,0
0.70842,1,0.092,0.092,0.5,0
0.70826,1,0.093,0.093,0.5,0
0.70811,1,0.094,0.094,0.5,0
0.70795,1,0.095,0.095,0.5,0
0.7078,1,0.096,0.096,0.5,0
0.70764,1,0.097,0.097,0.5,0
0.70749,1,0.098,0.098,0.5,0
0.70733,1,0.099,0.099,0.5,0
0.70718,1,0.1,0.1,0.5,0
0.70702,1,0.101,0.101,0.5,0
0.70687,1,0.102,0.102,0.5,0
0.70671,1,0.103,0.103,0.5,0
0.70656,1,0.104,0.104,0.5,0
0.70637,1,0.105,0.105,0.5,0
0.70618,1,0.106,0.106,0.5,0
0.70599,1,0.107,0.107,0.5,0
0.70581,1,0.108,0.108,0.5,0
0.70562,1,0.109,0.109,0.5,0
0.70543,1,0.11,0.11,0.5,0
0.70524,1,0.111,0.111,0.5,0
0.70505,1,0.112,0.112,0.5,0
0.70486,1,0.113,0.113,0.5,0
0.70467,1,0.114,0.114,0.5,0
0.70448,1,0.115,0.115,0.5,0
0.70429,1,0.116,0.116,0.5,0
0.7041,1,0.117,0.117,0.5,0
0.70391,1,0.118,0.118,0.5,0
0.70372,1,0.119,0.119,0.5,0
0.70354,1,0.12,0.12,0.5,0
0.70335,1,0.121,0.121,0.5,0
0.70316,1,0.122,0.122,0.5,0
0.70297,1,0.123,0.123,0.5,0
0.70278,1,0.124,0.124,0.5,0
0.70259,1,0.125,0.125,0.5,0
0.70237,1,0.126,0.126,0.5,0
0.70214,1,0.127,0.127,0.5,0
0.70192,1,0.128,0.128,0.5,0
0.7017,1,0.129,0.129,0.5,0
0.70147,1,0.13,0.13,0.5,0
0.70125,1,0.131,0.131,0.5,0
0.70103,1,0.132,0.132,0.5,0
0.7008,1,0.133,0.133,0.5,0
0.70058,1,0.134,0.134,0.5,0
0.70036,1,0.135,0.135,0.5,0
0.70013,1,0.136,0.136,0.5,0
0.69991,1,0.137,0.137,0.5,0
0.69969,1,0.138,0.138,0.5,0
0.69946,1,0.139,0.139,0.5,0
0.69924,1,0.14,0.14,0.5,0
0.69902,1,0.141,0.141,0.5,0
0.69879,1,0.142,0.142,0.5,0
0.69857,1,0.143,0.143,0.5,0
0.69835,1,0.144,0.144,0.5,0
0.69812,1,0.145,0.145,0.5,0
0.69789,1,0.146,0.146,0.5,0
0.69764,1,0.147,0.147,0.5,0
0.69738,1,0.148,0.148,0.5,0
0.69712,1,0.149,0.149,0.5,0
0.69687,1,0.15,0.15,0.5,0
0.69661,1,0.151,0.151,0.5,0
0.69635,1,0.152,0.152,0.5,0
0.69609,1,0.153,0.153,0.5,0
0.69584,1,0.154,0.154,0.5,0
0.69558,1,0.155,0.155,0.5,0
0.69532,1,0.156,0.156,0.5,0
0.69507,1,0.157,0.157,0.5,0
0.69481,1,0.158,0.158,0.5,0
0.69455,1,0.159,0.159,0.5,0
0.69429,1,0.16,0.16,0.5,0
0.69404,1,0.161,0.161,0.5,0
0.69378,1,0.162,0.162,0.5,0
0.69352,1,0.163,0.163,0.5,0
0.69327,1,0.164,0.164,0.5,0
0.69301,1,0.165,0.165,0.5,0
0.69275,1,0.166,0.166,0.5,0
0.69248,1,0.167,0.167,0.5,0
0.69219,1,0.168,0.168,0.5,0
0.6919,1,0.169,0.169,0.5,0
0.69161,1,0.17,0.17,0.5,0
0.69132,1,0.171,0.171,0.5,0
0.69103,1,0.172,0.172,0.5,0
0.69074,1,0.173,0.173,0.5,0
0.69045,1,0.174,0.174,0.5,0
0.69016,1,0.175,0.175,0.5,0
0.68987,1,0.176,0.176,0.5,0
0.68957,1,0.177,0.177,0.5,0
0.68928,1,0.178,0.178,0.5,0
0.68899,1,0.179,0.179,0.5,0
0.6887,1,0.18,0.18,0.5,0
0.68841,1,0.181,0.181,0.5,0
0.68812,1,0.182,0.182,0.5,0
0.68783,1,0.183,0.183,0.5,0
0.68754,1,0.184,0.184,0.5,0
0.68725,1,0.185,0.185,0.5,0
0.68696,1,0.186,0.186,0.5,0
0.68667,1,0.187,0.187,0.5,0
0.68636,1,0.188,0.188,0.5,0
0.68603,1,0.189,0.189,0.5,0
0.68571,1,0.19,0.19,0.5,0
0.68538,1,0.191,0.191,0.5,0
0.68506,1,0.192,0.192,0.5,0
0.68474,1,0.193,0.193,0.5,0
0.68441,1,0.194,0.194,0.5,0
0.68409,1,0.195,0.195,0.5,0
0.68376,1,0.196,0.196,0.5,0
0.68344,1,0.197,0.197,0.5,0
0.68311,1,0.198,0.198,0.5,0
0.68279,1,0.199,0.199,0.5,0
0.68247,1,0.2,0.2,0.5,0
0.68214,1,0.201,0.201,0.5,0
0.68182,1,0.202,0.202,0.5,0
0.68149,1,0.203,0.203,0.5,0
0.68117,1,0.204,0.204,0.5,0
0.68084,1,0.205,0.205,0.5,0
0.68052,1,0.206,0.206,0.5,0
0.68019,1,0.207,0.207,0.5,0
0.67987,1,0.208,0.208,0.5,0
0.67952,1,0.209,0.209,0.5,0
0.67917,1,0.21,0.21,0.5,0
0.67881,1,0.211,0.211,0.5,0
0.67845,1,0.212,0.212,0.5,0
0.67809,1,0.213,0.213,0.5,0
0.67774,1,0.214,0.214,0.5,0
0.67738,1,0.215,0.215,0.5,0
0.67702,1,0.216,0.216,0.5,0
0.67666,1,0.217,0.217,0.5,0
0.67631,1,0.218,0.218,0.5,0
0.67595,1,0.219,0.219,0.5,0
0.67559,1,0.22,0.22,0.5,0
0.67523,1,0.221,0.221,0.5,0
0.67488,1,0.222,0.222,0.5,0
0.67452,1,0.223,0.223,0.5,0
0.67416,1,0.224,0.224,0.5,0
0.6738,1,0.225,0.225,0.5,0
0.67344,1,0.226,0.226,0.5,0
0.67309,1,0.227,0.227,0.5,0
0.67273,1,0.228,0.228,0.5,0
0.67237,1,0.229,0.229,0.5,0
0.67199,1,0.23,0.23,0.5,0
0.6716,1,0.231,0.231,0.5,0
0.67121,1,0.232,0.232,0.5,0
0.67081,1,0.233,0.233,0.5,0
0.67042,1,0.234,0.234,0.5,0
0.67003,1,0.235,0.235,0.5,0
0.66964,1,0.236,0.236,0.5,0
0.66925,1,0.237,0.237,0.5,0
0.66886,1,0.238,0.238,0.5,0
0.66847,1,0.239,0.239,0.5,0
0.66808,1,0.24,0.24,0.5,0
0.66769,1,0.241,0.241,0.5,0
0.6673,1,0.242,0.242,0.5,0
0.66691,1,0.243,0.243,0.5,0
0.66652,1,0.244,0.244,0.5,0
0.66613,1,0.245,0.245,0.5,0
0.66574,1,0.246,0.246,0.5,0
0.66535,1,0.247,0.247,0.5,0
0.66496,1,0.248,0.248,0.5,0
0.66457,1,0.249,0.249,0.5,0
0.66417,1,0.25,0.25,0.5,0
0.66375,1,0.251,0.251,0.5,0
0.66333,1,0.252,0.252,0.5,0
0.6629,1,0.253,0.253,0.5,0
0.66248,1,0.254,0.254,0.5,0
0.66206,1,0.255,0.255,0.5,0
0.66163,1,0.256,0.256,0.5,0
0.66121,1,0.257,0.257,0.5,0
0.66079,1,0.258,0.258,0.5,0
0.66037,1,0.259,0.259,0.5,0
0.65994,1,0.26,0.26,0.5,0
0.65952,1,0.261,0.261,0.5,0
0.6591,1,0.262,0.262,0.5,0
0.65867,1,0.263,0.263,0.5,0
0.65825,1,0.264,0.264,0.5,0
0.65783,1,0.265,0.265,0.5,0
0.6574,1,0.266,0.266,0.5,0
0.65698,1,0.267,0.267,0.5,0
0.65656,1,0.268,0.268,0.5,0
0.65613,1,0.269,0.269,0.5,0
0.65571,1,0.27,0.27,0.5,0
0.65528,1,0.271,0.271,0.5,0
0.65482,1,0.272,0.272,0.5,0
0.65437,1,0.273,0.273,0.5,0
0.65391,1,0.274,0.274,0.5,0
0.65346,1,0.275,0.275,0.5,0
0.653,1,0.276,0.276,0.5,0
0.65255,1,0.277,0.277,0.5,0
0.65209,1,0.278,0.278,0.5,0
0.65163,1,0.279,0.279,0.5,0
0.65118,1,0.28,0.28,0.5,0
0.65072,1,0.281,0.281,0.5,0
0.65027,1,0.282,0.282,0.5,0
0.64981,1,0.283,0.283,0.5,0
0.64936,1,0.284,0.284,0.5,0
0.6489,1,0.285,0.285,0.5,0
0.64845,1,0.286,0.286,0.5,0
0.64799,1,0.287,0.287,0.5,0
0.64753,1,0.288,0.288,0.5,0
0.64708,1,0.289,0.289,0.5,0
0.64662,1,0.29,0.29,0.5,0
0.64617,1,0.291,0.291,0.5,0
0.6457,1,0.292,0.292,0.5,0
0.64521,1,0.293,0.293,0.5,0
0.64473,1,0.294,0.294,0.5,0
0.64424,1,0.295,0.295,0.5,0
0.64375,1,0.296,0.296,0.5,0
0.64326,1,0.297,0.297,0.5,0
0.64277,1,0.298,0.298,0.5,0
0.64229,1,0.299,0.299,0.5,0
0.6418,1,0.3,0.3,0.5,0
0.64131,1,0.301,0.301,0.5,0
0.64082,1,0.302,0.302,0.5,0
0.64034,1,0.303,0.303,0.5,0
0.63985,1,0.304,0.304,0.5,0
0.63936,1,0.305,0.305,0.5,0
0.63887,1,0.306,0.306,0.5,0
0.63839,1,0.307,0.307,0.5,0
0.6379,1,0.308,0.308,0.5,0
0.63741,1,0.309,0.309,0.5,0
0.63692,1,0.31,0.31,0.5,0
0.63643,1,0.311,0.311,0.5,0
0.63595,1,0.312,0.312,0.5,0
0.63544,1,0.313,0.313,0.5,0
0.63492,1,0.314,0.314,0.5,0
0.6344,1,0.315,0.315,0.5,0
0.63388,1,0.316,0.316,0.5,0
0.63337,1,0.317,0.317,0.5,0
0.63285,1,0.318,0.318,0.5,0
0.63233,1,0.319,0.319,0.5,0
0.63181,1,0.32,0.32,0.5,0
0.63129,1,0.321,0.321,0.5,0
0.63077,1,0.322,0.322,0.5,0
0.63025,1,0.323,0.323,0.5,0
0.62973,1,0.324,0.324,0.5,0
0.62921,1,0.325,0.325,0.5,0
0.62869,1,0.326,0.326,0.5,0
0.62817,1,0.327,0.327,0.5,0
0.62765,1,0.328,0.328,0.5,0
0.62713,1,0.329,0.329,0.5,0
0.62661,1,0.33,0.33,0.5,0
0.62609,1,0.331,0.331,0.5,0
0.62558,1,0.332,0.332,0.5,0
0.62506,1,0.333,0.333,0.5,0
0.62452,1,0.334,0.334,0.5,0
0.62396,1,0.335,0.335,0.5,0
0.62341,1,0.336,0.336,0.5,0
0.62286,1,0.337,0.337,0.5,0
0.62231,1,0.338,0.338,0.5,0
0.62176,1,0.339,0.339,0.5,0
0.62121,1,0.34,0.34,0.5,0
0.62066,1,0.341,0.341,0.5,0
0.62011,1,0.342,0.342,0.5,0
0.61956,1,0.343,0.343,0.5,0
0.61901,1,0.344,0.344,0.5,0
0.61846,1,0.345,0.345,0.5,0
0.61791,1,0.346,0.346,0.5,0
0.61736,1,0.347,0.347,0.5,0
0.61681,1,0.348,0.348,0.5,0
0.61626,1,0.349,0.349,0.5,0
0.61571,1,0.35,0.35,0.5,0
0.61515,1,0.351,0.351,0.5,0
0.6146,1,0.352,0.352,0.5,0
0.61405,1,0.353,0.353,0.5,0
0.6135,1,0.354,0.354,0.5,0
0.61293,1,0.355,0.355,0.5,0
0.61234,1,0.356,0.356,0.5,0
0.61176,1,0.357,0.357,0.5,0
0.61118,1,0.358,0.358,0.5,0
0.6106,1,0.359,0.359,0.5,0
0.61002,1,0.36,0.36,0.5,0
0.60944,1,0.361,0.361,0.5,0
0.60886,1,0.362,0.362,0.5,0
0.60827,1,0.363,0.363,0.5,0
0.60769,1,0.364,0.364,0.5,0
0.60711,1,0.365,0.365,0.5,0
0.60653,1,0.366,0.366,0.5,0
0.60595,1,0.367,0.367,0.5,0
0.60537,1,0.368,0.368,0.5,0
0.60479,1,0.369,0.369,0.5,0
0.6042,1,0.37,0.37,0.5,0
0.60362,1,0.371,0.371,0.5,0
0.60304,1,0.372,0.372,0.5,0
0.60246,1,0.373,0.373,0.5,0
0.60188,1,0.374,0.374,0.5,0
0.6013,1,0.375,0.375,0.5,0
0.60068,1,0.376,0.376,0.5,0
0.60007,1,0.377,0.377,0.5,0
0.59946,1,0.378,0.378,0.5,0
0.59885,1,0.379,0.379,0.5,0
0.59824,1,0.38,0.38,0.5,0
0.59762,1,0.381,0.381,0.5,0
0.59701,1,0.382,0.382,0.5,0
0.5964,1,0.383,0.383,0.5,0
0.59579,1,0.384,0.384,0.5,0
0.59518,1,0.385,0.385,0.5,0
0.59456,1,0.386,0.386,0.5,0
0.59395,1,0.387,0.387,0.5,0
0.59334,1,0.388,0.388,0.5,0
0.59273,1,0.389,0.389,0.5,0
0.59212,1,0.39,0.39,0.5,0
0.59151,1,0.391,0.391,0.5,0
0.59089,1,0.392,0.392,0.5,0
0.59028,1,0.393,0.393,0.5,0
0.58967,1,0.394,0.394,0.5,0
0.58906,1,0.395,0.395,0.5,0
0.58844,1,0.396,0.396,0.5,0
0.5878,1,0.397,0.397,0.5,0
0.58716,1,0.398,0.398,0.5,0
0.58651,1,0.399,0.399,0.5,0
0.58587,1,0.4,0.4,0.5,0
0.58523,1,0.401,0.401,0.5,0
0.58459,1,0.402,0.402,0.5,0
0.58395,1,0.403,0.403,0.5,0
0.58331,1,0.404,0.404,0.5,0
0.58266,1,0.405,0.405,0.5,0
0.58202,1,0.406,0.406,0.5,0
0.58138,1,0.407,0.407,0.5,0
0.58074,1,0.408,0.408,0.5,0
0.5801,1,0.409,0.409,0.5,0
0.57945,1,0.41,0.41,0.5,0
0.57881,1,0.411,0.411,0.5,0
0.57817,1,0.412,0.412,0.5,0
0.57753,1,0.413,0.413,0.5,0
0.57689,1,0.414,0.414,0.5,0
0.57624,1,0.415,0.415,0.5,0
0.5756,1,0.416,0.416,0.5,0
0.57495,1,0.417,0.417,0.5,0
0.57428,1,0.418,0.418,0.5,0
0.57361,1,0.419,0.419,0.5,0
0.57294,1,0.42,0.42,0.5,0
0.57227,1,0.421,0.421,0.5,0
0.57159,1,0.422,0.422,0.5,0
0.57092,1,0.423,0.423,0.5,0
0.57025,1,0.424,0.424,0.5,0
0.56958,1,0.425,0.425,0.5,0
0.56891,1,0.426,0.426,0.5,0
0.56824,1,0.427,0.427,0.5,0
0.56757,1,0.428,0.428,0.5,0
0.56689,1,0.429,0.429,0.5,0
0.56622,1,0.43,0.43,0.5,0
0.56555,1,0.431,0.431,0.5,0
0.56488,1,0.432,0.432,0.5,0
0.56421,1,0.433,0.433,0.5,0
0.56354,1,0.434,0.434,0.5,0
0.56287,1,0.435,0.435,0.5,0
0.56219,1,0.436,0.436,0.5,0
0.56152,1,0.437,0.437,0.5,0
0.56084,1,0.438,0.438,0.5,0
0.56014,1,0.439,0.439,0.5,0
0.55944,1,0.44,0.44,0.5,0
0.55874,1,0.441,0.441,0.5,0
0.55804,1,0.442,0.442,0.5,0
0.55734,1,0.443,0.443,0.5,0
0.55664,1,0.444,0.444,0.5,0
0.55593,1,0.445,0.445,0.5,0
0.55523,1,0.446,0.446,0.5,0
0.55453,1,0.447,0.447,0.5,0
0.55383,1,0.448,0.448,0.5,0
0.55313,1,0.449,0.449,0.5,0
0.55243,1,0.45,0.45,0.5,0
0.55173,1,0.451,0.451,0.5,0
0.55103,1,0.452,0.452,0.5,0
0.55033,1,0.453,0.453,0.5,0
0.54963,1,0.454,0.454,0.5,0
0.54893,1,0.455,0.455,0.5,0
0.54823,1,0.456,0.456,0.5,0
0.54753,1,0.457,0.457,0.5,0
0.54683,1,0.458,0.458,0.5,0
0.54611,1,0.459,0.459,0.5,0
0.54538,1,0.46,0.46,0.5,0
0.54465,1,0.461,0.461,0.5,0
0.54392,1,0.462,0.462,0.5,0
0.5432,1,0.463,0.463,0.5,0
0.54247,1,0.464,0.464,0.5,0
0.54174,1,0.465,0.465,0.5,0
0.54101,1,0.466,0.466,0.5,0
0.54028,1,0.467,0.467,0.5,0
0.53955,1,0.468,0.468,0.5,0
0.53882,1,0.469,0.469,0.5,0
0.53809,1,0.47,0.47,0.5,0
0.53737,1,0.471,0.471,0.5,0
0.53664,1,0.472,0.472,0.5,0
0.53591,1,0.473,0.473,0.5,0
0.53518,1,0.474,0.474,0.5,0
0.53445,1,0.475,0.475,0.5,0
0.53372,1,0.476,0.476,0.5,0
0.53299,1,0.477,0.477,0.5,0
0.53226,1,0.478,0.478,0.5,0
0.53153,1,0.479,0.479,0.5,0
0.53078,1,0.48,0.48,0.5,0
0.53003,1,0.481,0.481,0.5,0
0.52927,1,0.482,0.482,0.5,0
0.52851,1,0.483,0.483,0.5,0
0.52776,1,0.484,0.484,0.5,0
0.527,1,0.485,0.485,0.5,0
0.52624,1,0.486,0.486,0.5,0
0.52549,1,0.487,0.487,0.5,0
0.52473,1,0.488,0.488,0.5,0
0.52397,1,0.489,0.489,0.5,0
0.52322,1,0.49,0.49,0.5,0
0.52246,1,0.491,0.491,0.5,0
0.5217,1,0.492,0.492,0.5,0
0.52095,1,0.493,0.493,0.5,0
0.52019,1,0.494,0.494,0.5,0
0.51943,1,0.495,0.495,0.5,0
0.51868,1,0.496,0.496,0.5,0
0.51792,1,0.497,0.497,0.5,0
0.51716,1,0.498,0.498,0.5,0
0.51641,1,0.499,0.499,0.5,0
0.51565,1,0.5,0.5,0.5,0
0.51486,1,0.501,0.501,0.5,0
0.51408,1,0.502,0.502,0.5,0
0.5133,1,0.503,0.503,0.5,0
0.51251,1,0.504,0.504,0.5,0
0.51173,1,0.505,0.505,0.5,0
0.51094,1,0.506,0.506,0.5,0
0.51016,1,0.507,0.507,0.5,0
0.50938,1,0.508,0.508,0.5,0
0.50859,1,0.509,0.509,0.5,0
0.50781,1,0.51,0.51,0.5,0
0.50702,1,0.511,0.511,0.5,0
0.50624,1,0.512,0.512,0.5,0
0.50546,1,0.513,0.513,0.5,0
0.50467,1,0.514,0.514,0.5,0
0.50389,1,0.515,0.515,0.5,0
0.5031,1,0.516,0.516,0.5,0
0.50232,1,0.517,0.517,0.5,0
0.50154,1,0.518,0.518,0.5,0
0.50075,1,0.519,0.519,0.5,0
0.49997,1,0.52,0.52,0.5,0
0.49918,1,0.521,0.521,0.5,0
0.49837,1,0.522,0.522,0.5,0
0.49756,1,0.523,0.523,0.5,0
0.49675,1,0.524,0.524,0.5,0
0.49594,1,0.525,0.525,0.5,0
0.49513,1,0.526,0.526,0.5,0
0.49432,1,0.527,0.527,0.5,0
0.4935,1,0.528,0.528,0.5,0
0.49269,1,0.529,0.529,0.5,0
0.49188,1,0.53,0.53,0.5,0
0.49107,1,0.531,0.531,0.5,0
0.49026,1,0.532,0.532,0.5,0
0.48945,1,0.533,0.533,0.5,0
0.48864,1,0.534,0.534,0.5,0
0.48783,1,0.535,0.535,0.5,0
0.48702,1,0.536,0.536,0.5,0
0.48621,1,0.537,0.537,0.5,0
0.4854,1,0.538,0.538,0.5,0
0.48459,1,0.539,0.539,0.5,0
0.48378,1,0.54,0.54,0.5,0
0.48296,1,0.541,0.541,0.5,0
0.48215,1,0.542,0.542,0.5,0
0.48131,1,0.543,0.543,0.5,0
0.48047,1,0.544,0.544,0.5,0
0.47963,1,0.545,0.545,0.5,0
0.4788,1,0.546,0.546,0.5,0
0.47796,1,0.547,0.547,0.5,0
0.47712,1,0.548,0.548,0.5,0
0.47629,1,0.549,0.549,0.5,0
0.47545,1,0.55,0.55,0.5,0
0.47461,1,0.551,0.551,0.5,0
0.47378,1,0.552,0.552,0.5,0
0.47294,1,0.553,0.553,0.5,0
0.4721,1,0.554,0.554,0.5,0
0.47127,1,0.555,0.555,0.5,0
0.47043,1,0.556,0.556,0.5,0
0.46959,1,0.557,0.557,0.5,0
0.46876,1,0.558,0.558,0.5,0
0.46792,1,0.559,0.559,0.5,0
0.46708,1,0.56,0.56,0.5,0
0.46624,1,0.561,0.561,0.5,0
0.46541,1,0.562,0.562,0.5,0
0.46456,1,0.563,0.563,0.5,0
0.4637,1,0.564,0.564,0.5,0
0.46283,1,0.565,0.565,0.5,0
0.46197,1,0.566,0.566,0.5,0
0.46111,1,0.567,0.567,0.5,0
0.46025,1,0.568,0.568,0.5,0
0.45938,1,0.569,0.569,0.5,0
0.45852,1,0.57,0.57,0.5,0
0.45766,1,0.571,0.571,0.5,0
0.4568,1,0.572,0.572,0.5,0
0.45594,1,0.573,0.573,0.5,0
0.45507,1,0.574,0.574,0.5,0
0.45421,1,0.575,0.575,0.5,0
0.45335,1,0.576,0.576,0.5,0
0.45249,1,0.577,0.577,0.5,0
0.45162,1,0.578,0.578,0.5,0
0.45076,1,0.579,0.579,0.5,0
0.4499,1,0.58,0.58,0.5,0
0.44904,1,0.581,0.581,0.5,0
0.44817,1,0.582,0.582,0.5,0
0.44731,1,0.583,0.583,0.5,0
0.44643,1,0.584,0.584,0.5,0
0.44555,1,0.585,0.585,0.5,0
0.44466,1,0.586,0.586,0.5,0
0.44377,1,0.587,0.587,0.5,0
0.44288,1,0.588,0.588,0.5,0
0.442,1,0.589,0.589,0.5,0
0.44111,1,0.59,0.59,0.5,0
0.44022,1,0.591,0.591,0.5,0
0.43934,1,0.592,0.592,0.5,0
0.43845,1,0.593,0.593,0.5,0
0.43756,1,0.594,0.594,0.5,0
0.43667,1,0.595,0.595,0.5,0
0.43579,1,0.596,0.596,0.5,0
0.4349,1,0.597,0.597,0.5,0
0.43401,1,0.598,0.598,0.5,0
0.43313,1,0.599,0.599,0.5,0
0.43224,1,0.6,0.6,0.5,0
0.43135,1,0.601,0.601,0.5,0
0.43046,1,0.602,0.602,0.5,0
0.42958,1,0.603,0.603,0.5,0
0.42869,1,0.604,0.604,0.5,0
0.42778,1,0.605,0.605,0.5,0
0.42687,1,0.606,0.606,0.5,0
0.42596,1,0.607,0.607,0.5,0
0.42505,1,0.608,0.608,0.5,0
0.42414,1,0.609,0.609,0.5,0
0.42323,1,0.61,0.61,0.5,0
0.42231,1,0.611,0.611,0.5,0
0.4214,1,0.612,0.612,0.5,0
0.42049,1,0.613,0.613,0.5,0
0.41958,1,0.614,0.614,0.5,0
0.41867,1,0.615,0.615,0.5,0
0.41776,1,0.616,0.616,0.5,0
0.41685,1,0.617,0.617,0.5,0
0.41594,1,0.618,0.618,0.5,0
0.41502,1,0.619,0.619,0.5,0
0.41411,1,0.62,0.62,0.5,0
0.4132,1,0.621,0.621,0.5,0
0.41229,1,0.622,0.622,0.5,0
0.41138,1,0.623,0.623,0.5,0
0.41047,1,0.624,0.624,0.5,0
0.40956,1,0.625,0.625,0.5,0
0.40862,1,0.626,0.626,0.5,0
0.40769,1,0.627,0.627,0.5,0
0.40675,1,0.628,0.628,0.5,0
0.40582,1,0.629,0.629,0.5,0
0.40488,1,0.63,0.63,0.5,0
0.40395,1,0.631,0.631,0.5,0
0.40301,1,0.632,0.632,0.5,0
0.40208,1,0.633,0.633,0.5,0
0.40114,1,0.634,0.634,0.5,0
0.40021,1,0.635,0.635,0.5,0
0.39927,1,0.636,0.636,0.5,0
0.39834,1,0.637,0.637,0.5,0
0.3974,1,0.638,0.638,0.5,0
0.39647,1,0.639,0.639,0.5,0
0.39553,1,0.64,0.64,0.5,0
0.3946,1,0.641,0.641,0.5,0
0.39367,1,0.642,0.642,0.5,0
0.39273,1,0.643,0.643,0.5,0
0.3918,1,0.644,0.644,0.5,0
0.39086,1,0.645,0.645,0.5,0
0.38992,1,0.646,0.646,0.5,0
0.38897,1,0.647,0.647,0.5,0
0.38801,1,0.648,0.648,0.5,0
0.38705,1,0.649,0.649,0.5,0
0.38609,1,0.65,0.65,0.5,0
0.38514,1,0.651,0.651,0.5,0
0.38418,1,0.652,0.652,0.5,0
0.38322,1,0.653,0.653,0.5,0
0.38226,1,0.654,0.654,0.5,0
0.38131,1,0.655,0.655,0.5,0
0.38035,1,0.656,0.656,0.5,0
0.37939,1,0.657,0.657,0.5,0
0.37843,1,0.658,0.658,0.5,0
0.37748,1,0.659,0.659,0.5,0
0.37652,1,0.66,0.66,0.5,0
0.37556,1,0.661,0.661,0.5,0
0.3746,1,0.662,0.662,0.5,0
0.37365,1,0.663,0.663,0.5,0
0.37269,1,0.664,0.664,0.5,0
0.37173,1,0.665,0.665,0.5,0
0.37077,1,0.666,0.666,0.5,0
0.36981,1,0.667,0.667,0.5,0
0.36883,1,0.668,0.668,0.5,0
0.36785,1,0.669,0.669,0.5,0
0.36687,1,0.67,0.67,0.5,0
0.36589,1,0.671,0.671,0.5,0
0.36491,1,0.672,0.672,0.5,0
0.36393,1,0.673,0.673,0.5,0
0.36295,1,0.674,0.674,0.5,0
0.36197,1,0.675,0.675,0.5,0
0.36099,1,0.676,0.676,0.5,0
0.36001,1,0.677,0.677,0.5,0
0.35903,1,0.678,0.678,0.5,0
0.35805,1,0.679,0.679,0.5,0
0.35707,1,0.68,0.68,0.5,0
0.35609,1,0.681,0.681,0.5,0
0.35512,1,0.682,0.682,0.5,0
0.35414,1,0.683,0.683,0.5,0
0.35316,1,0.684,0.684,0.5,0
0.35218,1,0.685,0.685,0.5,0
0.3512,1,0.686,0.686,0.5,0
0.35022,1,0.687,0.687,0.5,0
0.34923,1,0.688,0.688,0.5,0
0.34823,1,0.689,0.689,0.5,0
0.34723,1,0.69,0.69,0.5,0
0.34623,1,0.691,0.691,0.5,0
0.34522,1,0.692,0.692,0.5,0
0.34422,1,0.693,0.693,0.5,0
0.34322,1,0.694,0.694,0.5,0
0.34222,1,0.695,0.695,0.5,0
0.34122,1,0.696,0.696,0.5,0
0.34022,1,0.697,0.697,0.5,0
0.33922,1,0.698,0.698,0.5,0
0.33822,1,0.699,0.699,0.5,0
0.33722,1,0.7,0.7,0.5,0
0.33622,1,0.701,0.701,0.5,0
0.33522,1,0.702,0.702,0.5,0
0.33422,1,0.703,0.703,0.5,0
0.33322,1,0.704,0.704,0.5,0
0.33222,1,0.705,0.705,0.5,0
0.33121,1,0.706,0.706,0.5,0
0.33021,1,0.707,0.707,0.5,0
0.32921,1,0.708,0.708,0.5,0
0.3282,1,0.709,0.709,0.5,0
0.32718,1,0.71,0.71,0.5,0
0.32616,1,0.711,0.711,0.5,0
0.32513,1,0.712,0.712,0.5,0
0.32411,1,0.713,0.713,0.5,0
0.32309,1,0.714,0.714,0.5,0
0.32207,1,0.715,0.715,0.5,0
0.32105,1,0.716,0.716,0.5,0
0.32003,1,0.717,0.717,0.5,0
0.31901,1,0.718,0.718,0.5,0
0.31799,1,0.719,0.719,0.5,0
0.31696,1,0.72,0.72,0.5,0
0.31594,1,0.721,0.721,0.5,0
0.31492,1,0.722,0.722,0.5,0
0.3139,1,0.723,0.723,0.5,0
0.31288,1,0.724,0.724,0.5,0
0.31186,1,0.725,0.725,0.5,0
0.31084,1,0.726,0.726,0.5,0
0.30982,1,0.727,0.727,0.5,0
0.30879,1,0.728,0.728,0.5,0
0.30777,1,0.729,0.729,0.5,0
0.30674,1,0.73,0.73,0.5,0
0.30569,1,0.731,0.731,0.5,0
0.30465,1,0.732,0.732,0.5,0
0.30361,1,0.733,0.733,0.5,0
0.30257,1,0.734,0.734,0.5,0
0.30153,1,0.735,0.735,0.5,0
0.30049,1,0.736,0.736,0.5,0
0.29945,1,0.737,0.737,0.5,0
0.29841,1,0.738,0.738,0.5,0
0.29737,1,0.739,0.739,0.5,0
0.29633,1,0.74,0.74,0.5,0
0.29529,1,0.741,0.741,0.5,0
0.29424,1,0.742,0.742,0.5,0
0.2932,1,0.743,0.743,0.5,0
0.29216,1,0.744,0.744,0.5,0
0.29112,1,0.745,0.745,0.5,0
0.29008,1,0.746,0.746,0.5,0
0.28904,1,0.747,0.747,0.5,0
0.288,1,0.748,0.748,0.5,0
0.28696,1,0.749,0.749,0.5,0
0.28592,1,0.75,0.75,0.5,0
0.28486,1,0.751,0.751,0.5,0
0.2838,1,0.752,0.752,0.5,0
0.28274,1,0.753,0.753,0.5,0
0.28168,1,0.754,0.754,0.5,0
0.28062,1,0.755,0.755,0.5,0
0.27956,1,0.756,0.756,0.5,0
0.2785,1,0.757,0.757,0.5,0
0.27744,1,0.758,0.758,0.5,0
0.27638,1,0.759,0.759,0.5,0
0.27532,1,0.76,0.76,0.5,0
0.27426,1,0.761,0.761,0.5,0
0.2732,1,0.762,0.762,0.5,0
0.27214,1,0.763,0.763,0.5,0
0.27108,1,0.764,0.764,0.5,0
0.27002,1,0.765,0.765,0.5,0
0.26896,1,0.766,0.766,0.5,0
0.2679,1,0.767,0.767,0.5,0
0.26684,1,0.768,0.768,0.5,0
0.26578,1,0.769,0.769,0.5,0
0.26472,1,0.77,0.77,0.5,0
0.26366,1,0.771,0.771,0.5,0
0.26258,1,0.772,0.772,0.5,0
0.2615,1,0.773,0.773,0.5,0
0.26042,1,0.774,0.774,0.5,0
0.25935,1,0.775,0.775,0.5,0
0.25827,1,0.776,0.776,0.5,0
0.25719,1,0.777,0.777,0.5,0
0.25611,1,0.778,0.778,0.5,0
0.25503,1,0.779,0.779,0.5,0
0.25396,1,0.78,0.78,0.5,0
0.25288,1,0.781,0.781,0.5,0
0.2518,1,0.782,0.782,0.5,0
0.25072,1,0.783,0.783,0.5,0
0.24964,1,0.784,0.784,0.5,0
0.24857,1,0.785,0.785,0.5,0
0.24749,1,0.786,0.786,0.5,0
0.24641,1,0.787,0.787,0.5,0
0.24533,1,0.788,0.788,0.5,0
0.24425,1,0.789,0.789,0.5,0
0.24318,1,0.79,0.79,0.5,0
0.2421,1,0.791,0.791,0.5,0
0.24101,1,0.792,0.792,0.5,0
0.23992,1,0.793,0.793,0.5,0
0.23882,1,0.794,0.794,0.5,0
0.23773,1,0.795,0.795,0.5,0
0.23663,1,0.796,0.796,0.5,0
0.23554,1,0.797,0.797,0.5,0
0.23444,1,0.798,0.798,0.5,0
0.23335,1,0.799,0.799,0.5,0
0.23225,1,0.8,0.8,0.5,0
0.23116,1,0.801,0.801,0.5,0
0.23006,1,0.802,0.802,0.5,0
0.22897,1,0.803,0.803,0.5,0
0.22787,1,0.804,0.804,0.5,0
0.22678,1,0.805,0.805,0.5,0
0.22568,1,0.806,0.806,0.5,0
0.22459,1,0.807,0.807,0.5,0
0.22349,1,0.808,0.808,0.5,0
0.2224,1,0.809,0.809,0.5,0
0.2213,1,0.81,0.81,0.5,0
0.22021,1,0.811,0.811,0.5,0
0.21911,1,0.812,0.812,0.5,0
0.21801,1,0.813,0.813,0.5,0
0.21689,1,0.814,0.814,0.5,0
0.21578,1,0.815,0.815,0.5,0
0.21467,1,0.816,0.816,0.5,0
0.21356,1,0.817,0.817,0.5,0
0.21245,1,0.818,0.818,0.5,0
0.21134,1,0.819,0.819,0.5,0
0.21023,1,0.82,0.82,0.5,0
0.20911,1,0.821,0.821,0.5,0
0.208,1,0.822,0.822,0.5,0
0.20689,1,0.823,0.823,0.5,0
0.20578,1,0.824,0.824,0.5,0
0.20467,1,0.825,0.825,0.5,0
0.20356,1,0.826,0.826,0.5,0
0.20244,1,0.827,0.827,0.5,0
0.20133,1,0.828,0.828,0.5,0
0.20022,1,0.829,0.829,0.5,0
0.19911,1,0.83,0.83,0.5,0
0.198,1,0.831,0.831,0.5,0
0.19689,1,0.832,0.832,0.5,0
0.19577,1,0.833,0.833,0.5,0
0.19465,1,0.834,0.834,0.5,0
0.19352,1,0.835,0.835,0.5,0
0.1924,1,0.836,0.836,0.5,0
0.19127,1,0.837,0.837,0.5,0
0.19014,1,0.838,0.838,0.5,0
0.18902,1,0.839,0.839,0.5,0
0.18789,1,0.84,0.84,0.5,0
0.18676,1,0.841,0.841,0.5,0
0.18563,1,0.842,0.842,0.5,0
0.18451,1,0.843,0.843,0.5,0
0.18338,1,0.844,0.844,0.5,0
0.18225,1,0.845,0.845,0.5,0
0.18113,1,0.846,0.846,0.5,0
0.18,1,0.847,0.847,0.5,0
0.17887,1,0.848,0.848,0.5,0
0.17774,1,0.849,0.849,0.5,0
0.17662,1,0.85,0.85,0.5,0
0.17549,1,0.851,0.851,0.5,0
0.17436,1,0.852,0.852,0.5,0
0.17323,1,0.853,0.853,0.5,0
0.17211,1,0.854,0.854,0.5,0
0.17097,1,0.855,0.855,0.5,0
0.16983,1,0.856,0.856,0.5,0
0.16868,1,0.857,0.857,0.5,0
0.16754,1,0.858,0.858,0.5,0
0.1664,1,0.859,0.859,0.5,0
0.16526,1,0.86,0.86,0.5,0
0.16412,1,0.861,0.861,0.5,0
0.16297,1,0.862,0.862,0.5,0
0.16183,1,0.863,0.863,0.5,0
0.16069,1,0.864,0.864,0.5,0
0.15955,1,0.865,0.865,0.5,0
0.15841,1,0.866,0.866,0.5,0
0.15727,1,0.867,0.867,0.5,0
0.15612,1,0.868,0.868,0.5,0
0.15498,1,0.869,0.869,0.5,0
0.15384,1,0.87,0.87,0.5,0
0.1527,1,0.871,0.871,0.5,0
0.15156,1,0.872,0.872,0.5,0
0.15041,1,0.873,0.873,0.5,0
0.14927,1,0.874,0.874,0.5,0
0.14813,1,0.875,0.875,0.5,0
0.14697,1,0.876,0.876,0.5,0
0.14582,1,0.877,0.877,0.5,0
0.14466,1,0.878,0.878,0.5,0
0.14351,1,0.879,0.879,0.5,0
0.14235,1,0.88,0.88,0.5,0
0.1412,1,0.881,0.881,0.5,0
0.14004,1,0.882,0.882,0.5,0
0.13888,1,0.883,0.883,0.5,0
0.13773,1,0.884,0.884,0.5,0
0.13657,1,0.885,0.885,0.5,0
0.13542,1,0.886,0.886,0.5,0
0.13426,1,0.887,0.887,0.5,0
0.13311,1,0.888,0.888,0.5,0
0.13195,1,0.889,0.889,0.5,0
0.13079,1,0.89,0.89,0.5,0
0.12964,1,0.891,0.891,0.5,0
0.12848,1,0.892,0.892,0.5,0
0.12733,1,0.893,0.893,0.5,0
0.12617,1,0.894,0.894,0.5,0
0.12502,1,0.895,0.895,0.5,0
0.12386,1,0.896,0.896,0.5,0
0.12269,1,0.897,0.897,0.5,0
0.12152,1,0.898,0.898,0.5,0
0.12035,1,0.899,0.899,0.5,0
0.11918,1,0.9,0.9,0.5,0
0.11801,1,0.901,0.901,0.5,0
0.11685,1,0.902,0.902,0.5,0
0.11568,1,0.903,0.903,0.5,0
0.11451,1,0.904,0.904,0.5,0
0.11334,1,0.905,0.905,0.5,0
0.11217,1,0.906,0.906,0.5,0
0.111,1,0.907,0.907,0.5,0
0.10983,1,0.908,0.908,0.5,0
0.10866,1,0.909,0.909,0.5,0
0.1075,1,0.91,0.91,0.5,0
0.10633,1,0.911,0.911,0.5,0
0.10516,1,0.912,0.912,0.5,0
0.10399,1,0.913,0.913,0.5,0
0.10282,1,0.914,0.914,0.5,0
0.10165,1,0.915,0.915,0.5,0
0.10048,1,0.916,0.916,0.5,0
0.099311,1,0.917,0.917,0.5,0
0.098131,1,0.918,0.918,0.5,0
0.09695,1,0.919,0.919,0.5,0
0.095769,1,0.92,0.92,0.5,0
0.094588,1,0.921,0.921,0.5,0
0.093408,1,0.922,0.922,0.5,0
0.092227,1,0.923,0.923,0.5,0
0.091046,1,0.924,0.924,0.5,0
0.089866,1,0.925,0.925,0.5,0
0.088685,1,0.926,0.926,0.5,0
0.087504,1,0.927,0.927,0.5,0
0.086324,1,0.928,0.928,0.5,0
0.085143,1,0.929,0.929,0.5,0
0.083962,1,0.93,0.93,0.5,0
0.082781,1,0.931,0.931,0.5,0
0.081601,1,0.932,0.932,0.5,0
0.08042,1,0.933,0.933,0.5,0
0.079239,1,0.934,0.934,0.5,0
0.078059,1,0.935,0.935,0.5,0
0.076878,1,0.936,0.936,0.5,0
0.075697,1,0.937,0.937,0.5,0
0.074511,1,0.938,0.938,0.5,0
0.073319,1,0.939,0.939,0.5,0
0.072127,1,0.94,0.94,0.5,0
0.070936,1,0.941,0.941,0.5,0
0.069744,1,0.942,0.942,0.5,0
0.068552,1,0.943,0.943,0.5,0
0.06736,1,0.944,0.944,0.5,0
0.066168,1,0.945,0.945,0.5,0
0.064977,1,0.946,0.946,0.5,0
0.063785,1,0.947,0.947,0.5,0
0.062593,1,0.948,0.948,0.5,0
0.061401,1,0.949,0.949,0.5,0
0.060209,1,0.95,0.95,0.5,0
0.059017,1,0.951,0.951,0.5,0
0.057826,1,0.952,0.952,0.5,0
0.056634,1,0.953,0.953,0.5,0
0.055442,1,0.954,0.954,0.5,0
0.05425,1,0.955,0.955,0.5,0
0.053058,1,0.956,0.956,0.5,0
0.051866,1,0.957,0.957,0.5,0
0.050675,1,0.958,0.958,0.5,0
0.049476,1,0.959,0.959,0.5,0
0.048274,1,0.96,0.96,0.5,0
0.047072,1,0.961,0.961,0.5,0
0.04587,1,0.962,0.962,0.5,0
0.044668,1,0.963,0.963,0.5,0
0.043466,1,0.964,0.964,0.5,0
0.042264,1,0.965,0.965,0.5,0
0.041062,1,0.966,0.966,0.5,0
0.03986,1,0.967,0.967,0.5,0
0.038658,1,0.968,0.968,0.5,0
0.037456,1,0.969,0.969,0.5,0
0.036254,1,0.97,0.97,0.5,0
0.035052,1,0.971,0.971,0.5,0
0.03385,1,0.972,0.972,0.5,0
0.032648,1,0.973,0.973,0.5,0
0.031446,1,0.974,0.974,0.5,0
0.030244,1,0.975,0.975,0.5,0
0.029042,1,0.976,0.976,0.5,0
0.02784,1,0.977,0.977,0.5,0
0.026638,1,0.978,0.978,0.5,0
0.025436,1,0.979,0.979,0.5,0
0.024226,1,0.98,0.98,0.5,0
0.023015,1,0.981,0.981,0.5,0
0.021803,1,0.982,0.982,0.5,0
0.020592,1,0.983,0.983,0.5,0
0.019381,1,0.984,0.984,0.5,0
0.018169,1,0.985,0.985,0.5,0
0.016958,1,0.986,0.986,0.5,0
0.015747,1,0.987,0.987,0.5,0
0.014536,1,0.988,0.988,0.5,0
0.013324,1,0.989,0.989,0.5,0
0.012113,1,0.99,0.99,0.5,0
0.010902,1,0.991,0.991,0.5,0
0.0096904,1,0.992,0.992,0.5,0
0.0084791,1,0.993,0.993,0.5,0
0.0072678,1,0.994,0.994,0.5,0
0.0060565,1,0.995,0.995,0.5,0
0.0048452,1,0.996,0.996,0.5,0
0.0036339,1,0.997,0.997,0.5,0
0.0024226,1,0.998,0.998,0.5,0
0.0012113,1,0.999,0.999,0.5,0
0,1,1,1,0.5,0
