"u:0","u:1","u:2","vtkValidPointMask","arc_length","Points:0","Points:1","Points:2"
0,-0.000345672,0,1,0,0,365.76,0
-4.25692e-07,-0.0003456546,0,1,0.36576,0.36576,365.76,0
-8.51384e-07,-0.0003456371,0,1,0.73152,0.73152,365.76,0
-1.277076e-06,-0.0003456197,0,1,1.09728,1.09728,365.76,0
-1.702768e-06,-0.0003456023,0,1,1.46304,1.46304,365.76,0
-2.12846e-06,-0.0003455848,0,1,1.8288,1.8288,365.76,0
-2.554152e-06,-0.0003455674,0,1,2.19456,2.19456,365.76,0
-2.979844e-06,-0.0003455499,0,1,2.56032,2.56032,365.76,0
-3.405536e-06,-0.0003455325,0,1,2.92608,2.92608,365.76,0
-3.831228e-06,-0.000345515,0,1,3.29184,3.29184,365.76,0
-4.25692e-06,-0.0003454976,0,1,3.6576,3.6576,365.76,0
-4.682613e-06,-0.0003454802,0,1,4.02336,4.02336,365.76,0
-5.108304e-06,-0.0003454627,0,1,4.38912,4.38912,365.76,0
-5.533996e-06,-0.0003454453,0,1,4.75488,4.75488,365.76,0
-5.959689e-06,-0.0003454278,0,1,5.12064,5.12064,365.76,0
-6.38538e-06,-0.0003454104,0,1,5.4864,5.4864,365.76,0
-6.811072e-06,-0.000345393,0,1,5.85216,5.85216,365.76,0
-7.251517e-06,-0.0003453607,0,1,6.21792,6.21792,365.76,0
-7.721464e-06,-0.000345299,0,1,6.58368,6.58368,365.76,0
-8.191412e-06,-0.0003452373,0,1,6.94944,6.94944,365.76,0
-8.661361e-06,-0.0003451756,0,1,7.3152,7.3152,365.76,0
-9.131309e-06,-0.0003451139,0,1,7.68096,7.68096,365.76,0
-9.601257e-06,-0.0003450522,0,1,8.046721,8.046721,365.76,0
-1.00712e-05,-0.0003449905,0,1,8.41248,8.41248,365.76,0
-1.054115e-05,-0.0003449288,0,1,8.77824,8.77824,365.76,0
-1.10111e-05,-0.0003448671,0,1,9.144,9.144,365.76,0
-1.148105e-05,-0.0003448053,0,1,9.50976,9.50976,365.76,0
-1.1951e-05,-0.0003447436,0,1,9.875521,9.875521,365.76,0
-1.242095e-05,-0.0003446819,0,1,10.24128,10.24128,365.76,0
-1.289089e-05,-0.0003446202,0,1,10.60704,10.60704,365.76,0
-1.336084e-05,-0.0003445585,0,1,10.9728,10.9728,365.76,0
-1.383079e-05,-0.0003444968,0,1,11.33856,11.33856,365.76,0
-1.430074e-05,-0.000344435,0,1,11.70432,11.70432,365.76,0
-1.477069e-05,-0.0003443733,0,1,12.07008,12.07008,365.76,0
-1.525892e-05,-0.0003442169,0,1,12.43584,12.43584,365.76,0
-1.575631e-05,-0.0003440131,0,1,12.8016,12.8016,365.76,0
-1.625369e-05,-0.0003438094,0,1,13.16736,13.16736,365.76,0
-1.675108e-05,-0.0003436056,0,1,13.53312,13.53312,365.76,0
-1.724846e-05,-0.0003434018,0,1,13.89888,13.89888,365.76,0
-1.774584e-05,-0.000343198,0,1,14.26464,14.26464,365.76,0
-1.824323e-05,-0.0003429943,0,1,14.6304,14.6304,365.76,0
-1.874061e-05,-0.0003427905,0,1,14.99616,14.99616,365.76,0
-1.923799e-05,-0.0003425867,0,1,15.36192,15.36192,365.76,0
-1.973538e-05,-0.0003423829,0,1,15.72768,15.72768,365.76,0
-2.023276e-05,-0.0003421791,0,1,16.09344,16.09344,365.76,0
-2.073015e-05,-0.0003419754,0,1,16.4592,16.4592,365.76,0
-2.122753e-05,-0.0003417716,0,1,16.82496,16.82496,365.76,0
-2.172491e-05,-0.0003415678,0,1,17.19072,17.19072,365.76,0
-2.22223e-05,-0.000341364,0,1,17.55648,17.55648,365.76,0
-2.271968e-05,-0.0003411603,0,1,17.92224,17.92224,365.76,0
-2.321706e-05,-0.0003409565,0,1,18.288,18.288,365.76,0
-2.357765e-05,-0.0003406105,0,1,18.65376,18.65376,365.76,0
-2.393824e-05,-0.0003402646,0,1,19.01952,19.01952,365.76,0
-2.429883e-05,-0.0003399187,0,1,19.38528,19.38528,365.76,0
-2.465941e-05,-0.0003395727,0,1,19.75104,19.75104,365.76,0
-2.502e-05,-0.0003392268,0,1,20.1168,20.1168,365.76,0
-2.538059e-05,-0.0003388808,0,1,20.48256,20.48256,365.76,0
-2.574117e-05,-0.0003385349,0,1,20.84832,20.84832,365.76,0
-2.610176e-05,-0.0003381889,0,1,21.21408,21.21408,365.76,0
-2.646235e-05,-0.000337843,0,1,21.57984,21.57984,365.76,0
-2.682294e-05,-0.000337497,0,1,21.9456,21.9456,365.76,0
-2.718352e-05,-0.0003371511,0,1,22.31136,22.31136,365.76,0
-2.754411e-05,-0.0003368052,0,1,22.67712,22.67712,365.76,0
-2.79047e-05,-0.0003364592,0,1,23.04288,23.04288,365.76,0
-2.826528e-05,-0.0003361133,0,1,23.40864,23.40864,365.76,0
-2.862587e-05,-0.0003357673,0,1,23.7744,23.7744,365.76,0
-2.898646e-05,-0.0003354214,0,1,24.14016,24.14016,365.76,0
-2.929736e-05,-0.0003350692,0,1,24.50592,24.50592,365.76,0
-2.950887e-05,-0.0003347045,0,1,24.87168,24.87168,365.76,0
-2.972039e-05,-0.0003343399,0,1,25.23744,25.23744,365.76,0
-2.99319e-05,-0.0003339752,0,1,25.6032,25.6032,365.76,0
-3.014342e-05,-0.0003336105,0,1,25.96896,25.96896,365.76,0
-3.035494e-05,-0.0003332458,0,1,26.33472,26.33472,365.76,0
-3.056645e-05,-0.0003328811,0,1,26.70048,26.70048,365.76,0
-3.077797e-05,-0.0003325164,0,1,27.06624,27.06624,365.76,0
-3.098948e-05,-0.0003321518,0,1,27.432,27.432,365.76,0
-3.1201e-05,-0.0003317871,0,1,27.79776,27.79776,365.76,0
-3.141251e-05,-0.0003314224,0,1,28.16352,28.16352,365.76,0
-3.162403e-05,-0.0003310577,0,1,28.52928,28.52928,365.76,0
-3.183555e-05,-0.0003306931,0,1,28.89504,28.89504,365.76,0
-3.204706e-05,-0.0003303284,0,1,29.2608,29.2608,365.76,0
-3.225858e-05,-0.0003299637,0,1,29.62656,29.62656,365.76,0
-3.247009e-05,-0.000329599,0,1,29.99232,29.99232,365.76,0
-3.268161e-05,-0.0003292343,0,1,30.35808,30.35808,365.76,0
-3.277821e-05,-0.0003289364,0,1,30.72384,30.72384,365.76,0
-3.281736e-05,-0.0003286717,0,1,31.0896,31.0896,365.76,0
-3.28565e-05,-0.0003284071,0,1,31.45536,31.45536,365.76,0
-3.289564e-05,-0.0003281424,0,1,31.82112,31.82112,365.76,0
-3.293479e-05,-0.0003278778,0,1,32.18688,32.18688,365.76,0
-3.297394e-05,-0.0003276132,0,1,32.55264,32.55264,365.76,0
-3.301308e-05,-0.0003273485,0,1,32.9184,32.9184,365.76,0
-3.305223e-05,-0.0003270839,0,1,33.28416,33.28416,365.76,0
-3.309137e-05,-0.0003268193,0,1,33.64992,33.64992,365.76,0
-3.313052e-05,-0.0003265546,0,1,34.01568,34.01568,365.76,0
-3.316966e-05,-0.00032629,0,1,34.38144,34.38144,365.76,0
-3.320881e-05,-0.0003260253,0,1,34.7472,34.7472,365.76,0
-3.324795e-05,-0.0003257607,0,1,35.11296,35.11296,365.76,0
-3.32871e-05,-0.0003254961,0,1,35.47872,35.47872,365.76,0
-3.332625e-05,-0.0003252314,0,1,35.84448,35.84448,365.76,0
-3.336539e-05,-0.0003249668,0,1,36.21024,36.21024,365.76,0
-3.340454e-05,-0.0003247022,0,1,36.576,36.576,365.76,0
-3.352604e-05,-0.0003245926,0,1,36.94176,36.94176,365.76,0
-3.364755e-05,-0.0003244831,0,1,37.30752,37.30752,365.76,0
-3.376906e-05,-0.0003243736,0,1,37.67328,37.67328,365.76,0
-3.389057e-05,-0.0003242641,0,1,38.03904,38.03904,365.76,0
-3.401208e-05,-0.0003241546,0,1,38.4048,38.4048,365.76,0
-3.413358e-05,-0.0003240451,0,1,38.77056,38.77056,365.76,0
-3.425509e-05,-0.0003239356,0,1,39.13632,39.13632,365.76,0
-3.43766e-05,-0.0003238261,0,1,39.50208,39.50208,365.76,0
-3.449811e-05,-0.0003237166,0,1,39.86784,39.86784,365.76,0
-3.461962e-05,-0.0003236071,0,1,40.2336,40.2336,365.76,0
-3.474113e-05,-0.0003234976,0,1,40.59936,40.59936,365.76,0
-3.486263e-05,-0.0003233881,0,1,40.96512,40.96512,365.76,0
-3.498414e-05,-0.0003232786,0,1,41.33088,41.33088,365.76,0
-3.510565e-05,-0.0003231691,0,1,41.69664,41.69664,365.76,0
-3.522716e-05,-0.0003230596,0,1,42.0624,42.0624,365.76,0
-3.534866e-05,-0.0003229501,0,1,42.42816,42.42816,365.76,0
-3.549126e-05,-0.0003228367,0,1,42.79392,42.79392,365.76,0
-3.567602e-05,-0.0003227157,0,1,43.15968,43.15968,365.76,0
-3.586078e-05,-0.0003225946,0,1,43.52544,43.52544,365.76,0
-3.604554e-05,-0.0003224736,0,1,43.8912,43.8912,365.76,0
-3.62303e-05,-0.0003223525,0,1,44.25696,44.25696,365.76,0
-3.641506e-05,-0.0003222315,0,1,44.62272,44.62272,365.76,0
-3.659982e-05,-0.0003221104,0,1,44.98848,44.98848,365.76,0
-3.678458e-05,-0.0003219894,0,1,45.35424,45.35424,365.76,0
-3.696934e-05,-0.0003218683,0,1,45.72,45.72,365.76,0
-3.71541e-05,-0.0003217473,0,1,46.08576,46.08576,365.76,0
-3.733886e-05,-0.0003216263,0,1,46.45152,46.45152,365.76,0
-3.752362e-05,-0.0003215052,0,1,46.81728,46.81728,365.76,0
-3.770838e-05,-0.0003213841,0,1,47.18304,47.18304,365.76,0
-3.789314e-05,-0.0003212631,0,1,47.5488,47.5488,365.76,0
-3.80779e-05,-0.0003211421,0,1,47.91456,47.91456,365.76,0
-3.826266e-05,-0.000321021,0,1,48.28032,48.28032,365.76,0
-3.844742e-05,-0.0003208999,0,1,48.64608,48.64608,365.76,0
-3.863942e-05,-0.0003207824,0,1,49.01184,49.01184,365.76,0
-3.883505e-05,-0.0003206666,0,1,49.3776,49.3776,365.76,0
-3.903067e-05,-0.0003205508,0,1,49.74336,49.74336,365.76,0
-3.92263e-05,-0.0003204349,0,1,50.10912,50.10912,365.76,0
-3.942192e-05,-0.0003203191,0,1,50.47488,50.47488,365.76,0
-3.961755e-05,-0.0003202033,0,1,50.84064,50.84064,365.76,0
-3.981317e-05,-0.0003200874,0,1,51.2064,51.2064,365.76,0
-4.00088e-05,-0.0003199716,0,1,51.57216,51.57216,365.76,0
-4.020442e-05,-0.0003198558,0,1,51.93792,51.93792,365.76,0
-4.040005e-05,-0.00031974,0,1,52.30368,52.30368,365.76,0
-4.059567e-05,-0.0003196242,0,1,52.66944,52.66944,365.76,0
-4.079129e-05,-0.0003195083,0,1,53.0352,53.0352,365.76,0
-4.098692e-05,-0.0003193925,0,1,53.40096,53.40096,365.76,0
-4.118254e-05,-0.0003192767,0,1,53.76672,53.76672,365.76,0
-4.137817e-05,-0.0003191609,0,1,54.13248,54.13248,365.76,0
-4.157379e-05,-0.0003190451,0,1,54.49824,54.49824,365.76,0
-4.176942e-05,-0.0003189292,0,1,54.864,54.864,365.76,0
-4.207505e-05,-0.0003188067,0,1,55.22976,55.22976,365.76,0
-4.238069e-05,-0.0003186841,0,1,55.59552,55.59552,365.76,0
-4.268633e-05,-0.0003185616,0,1,55.96128,55.96128,365.76,0
-4.299197e-05,-0.000318439,0,1,56.32704,56.32704,365.76,0
-4.32976e-05,-0.0003183165,0,1,56.6928,56.6928,365.76,0
-4.360324e-05,-0.000318194,0,1,57.05856,57.05856,365.76,0
-4.390888e-05,-0.0003180714,0,1,57.42432,57.42432,365.76,0
-4.421452e-05,-0.0003179489,0,1,57.79008,57.79008,365.76,0
-4.452015e-05,-0.0003178263,0,1,58.15584,58.15584,365.76,0
-4.482579e-05,-0.0003177038,0,1,58.5216,58.5216,365.76,0
-4.513143e-05,-0.0003175812,0,1,58.88736,58.88736,365.76,0
-4.543707e-05,-0.0003174587,0,1,59.25312,59.25312,365.76,0
-4.57427e-05,-0.0003173361,0,1,59.61888,59.61888,365.76,0
-4.604834e-05,-0.0003172136,0,1,59.98464,59.98464,365.76,0
-4.635398e-05,-0.000317091,0,1,60.3504,60.3504,365.76,0
-4.665961e-05,-0.0003169685,0,1,60.71616,60.71616,365.76,0
-4.699207e-05,-0.0003167991,0,1,61.08192,61.08192,365.76,0
-4.737816e-05,-0.0003165361,0,1,61.44768,61.44768,365.76,0
-4.776425e-05,-0.0003162731,0,1,61.81344,61.81344,365.76,0
-4.815033e-05,-0.0003160101,0,1,62.1792,62.1792,365.76,0
-4.853641e-05,-0.0003157472,0,1,62.54496,62.54496,365.76,0
-4.89225e-05,-0.0003154842,0,1,62.91072,62.91072,365.76,0
-4.930859e-05,-0.0003152212,0,1,63.27648,63.27648,365.76,0
-4.969468e-05,-0.0003149582,0,1,63.64224,63.64224,365.76,0
-5.008077e-05,-0.0003146952,0,1,64.008,64.008,365.76,0
-5.046685e-05,-0.0003144322,0,1,64.37376,64.37376,365.76,0
-5.085294e-05,-0.0003141692,0,1,64.73952,64.73952,365.76,0
-5.123902e-05,-0.0003139062,0,1,65.10528,65.10528,365.76,0
-5.162511e-05,-0.0003136432,0,1,65.47104,65.47104,365.76,0
-5.201119e-05,-0.0003133802,0,1,65.8368,65.8368,365.76,0
-5.239728e-05,-0.0003131173,0,1,66.20256,66.20256,365.76,0
-5.278337e-05,-0.0003128542,0,1,66.56832,66.56832,365.76,0
-5.316945e-05,-0.0003125913,0,1,66.93408,66.93408,365.76,0
-5.350793e-05,-0.0003122207,0,1,67.29984,67.29984,365.76,0
-5.382259e-05,-0.0003117963,0,1,67.6656,67.6656,365.76,0
-5.413726e-05,-0.000311372,0,1,68.03136,68.03136,365.76,0
-5.445193e-05,-0.0003109477,0,1,68.39713,68.39713,365.76,0
-5.476659e-05,-0.0003105233,0,1,68.76288,68.76288,365.76,0
-5.508126e-05,-0.000310099,0,1,69.12864,69.12864,365.76,0
-5.539593e-05,-0.0003096746,0,1,69.4944,69.4944,365.76,0
-5.57106e-05,-0.0003092503,0,1,69.86016,69.86016,365.76,0
-5.602526e-05,-0.0003088259,0,1,70.22592,70.22592,365.76,0
-5.633993e-05,-0.0003084016,0,1,70.59168,70.59168,365.76,0
-5.66546e-05,-0.0003079772,0,1,70.95744,70.95744,365.76,0
-5.696927e-05,-0.0003075529,0,1,71.3232,71.3232,365.76,0
-5.728393e-05,-0.0003071285,0,1,71.68896,71.68896,365.76,0
-5.75986e-05,-0.0003067042,0,1,72.05473,72.05473,365.76,0
-5.791326e-05,-0.0003062798,0,1,72.42048,72.42048,365.76,0
-5.822793e-05,-0.0003058555,0,1,72.78624,72.78624,365.76,0
-5.85426e-05,-0.0003054311,0,1,73.152,73.152,365.76,0
-5.87092e-05,-0.0003049512,0,1,73.51776,73.51776,365.76,0
-5.88758e-05,-0.0003044712,0,1,73.88352,73.88352,365.76,0
-5.90424e-05,-0.0003039913,0,1,74.24928,74.24928,365.76,0
-5.9209e-05,-0.0003035113,0,1,74.61504,74.61504,365.76,0
-5.937559e-05,-0.0003030314,0,1,74.9808,74.9808,365.76,0
-5.95422e-05,-0.0003025514,0,1,75.34657,75.34657,365.76,0
-5.970879e-05,-0.0003020715,0,1,75.71232,75.71232,365.76,0
-5.987539e-05,-0.0003015915,0,1,76.07808,76.07808,365.76,0
-6.004199e-05,-0.0003011115,0,1,76.44384,76.44384,365.76,0
-6.020859e-05,-0.0003006316,0,1,76.8096,76.8096,365.76,0
-6.037519e-05,-0.0003001516,0,1,77.17536,77.17536,365.76,0
-6.054178e-05,-0.0002996717,0,1,77.54112,77.54112,365.76,0
-6.070839e-05,-0.0002991917,0,1,77.90688,77.90688,365.76,0
-6.087498e-05,-0.0002987117,0,1,78.27264,78.27264,365.76,0
-6.104158e-05,-0.0002982318,0,1,78.6384,78.6384,365.76,0
-6.120819e-05,-0.0002977518,0,1,79.00417,79.00417,365.76,0
-6.135801e-05,-0.0002972784,0,1,79.36992,79.36992,365.76,0
-6.147428e-05,-0.000296818,0,1,79.73568,79.73568,365.76,0
-6.159056e-05,-0.0002963576,0,1,80.10144,80.10144,365.76,0
-6.170684e-05,-0.0002958973,0,1,80.4672,80.4672,365.76,0
-6.182312e-05,-0.0002954369,0,1,80.83296,80.83296,365.76,0
-6.19394e-05,-0.0002949765,0,1,81.19872,81.19872,365.76,0
-6.205567e-05,-0.0002945161,0,1,81.56448,81.56448,365.76,0
-6.217195e-05,-0.0002940558,0,1,81.93024,81.93024,365.76,0
-6.228824e-05,-0.0002935954,0,1,82.29601,82.29601,365.76,0
-6.240451e-05,-0.000293135,0,1,82.66176,82.66176,365.76,0
-6.252079e-05,-0.0002926746,0,1,83.02752,83.02752,365.76,0
-6.263707e-05,-0.0002922142,0,1,83.39328,83.39328,365.76,0
-6.275334e-05,-0.0002917539,0,1,83.75904,83.75904,365.76,0
-6.286962e-05,-0.0002912935,0,1,84.1248,84.1248,365.76,0
-6.298591e-05,-0.0002908331,0,1,84.49056,84.49056,365.76,0
-6.310218e-05,-0.0002903727,0,1,84.85632,84.85632,365.76,0
-6.321846e-05,-0.0002899124,0,1,85.22208,85.22208,365.76,0
-6.33294e-05,-0.0002893966,0,1,85.58784,85.58784,365.76,0
-6.343768e-05,-0.000288853,0,1,85.95361,85.95361,365.76,0
-6.354597e-05,-0.0002883095,0,1,86.31936,86.31936,365.76,0
-6.365425e-05,-0.000287766,0,1,86.68512,86.68512,365.76,0
-6.376252e-05,-0.0002872224,0,1,87.05088,87.05088,365.76,0
-6.38708e-05,-0.0002866789,0,1,87.41664,87.41664,365.76,0
-6.397908e-05,-0.0002861354,0,1,87.7824,87.7824,365.76,0
-6.408736e-05,-0.0002855918,0,1,88.14816,88.14816,365.76,0
-6.419564e-05,-0.0002850483,0,1,88.51392,88.51392,365.76,0
-6.430392e-05,-0.0002845048,0,1,88.87968,88.87968,365.76,0
-6.44122e-05,-0.0002839613,0,1,89.24545,89.24545,365.76,0
-6.452048e-05,-0.0002834177,0,1,89.61121,89.61121,365.76,0
-6.462876e-05,-0.0002828742,0,1,89.97696,89.97696,365.76,0
-6.473704e-05,-0.0002823307,0,1,90.34272,90.34272,365.76,0
-6.484531e-05,-0.0002817872,0,1,90.70848,90.70848,365.76,0
-6.495359e-05,-0.0002812436,0,1,91.07424,91.07424,365.76,0
-6.506187e-05,-0.0002807001,0,1,91.44,91.44,365.76,0
-6.494398e-05,-0.0002800917,0,1,91.80576,91.80576,365.76,0
-6.482608e-05,-0.0002794833,0,1,92.17152,92.17152,365.76,0
-6.470819e-05,-0.000278875,0,1,92.53728,92.53728,365.76,0
-6.459029e-05,-0.0002782666,0,1,92.90305,92.90305,365.76,0
-6.44724e-05,-0.0002776582,0,1,93.2688,93.2688,365.76,0
-6.435451e-05,-0.0002770498,0,1,93.63456,93.63456,365.76,0
-6.423661e-05,-0.0002764415,0,1,94.00032,94.00032,365.76,0
-6.411871e-05,-0.0002758331,0,1,94.36608,94.36608,365.76,0
-6.400081e-05,-0.0002752247,0,1,94.73184,94.73184,365.76,0
-6.388292e-05,-0.0002746163,0,1,95.0976,95.0976,365.76,0
-6.376502e-05,-0.0002740079,0,1,95.46336,95.46336,365.76,0
-6.364713e-05,-0.0002733995,0,1,95.82912,95.82912,365.76,0
-6.352923e-05,-0.0002727912,0,1,96.19489,96.19489,365.76,0
-6.341134e-05,-0.0002721828,0,1,96.56065,96.56065,365.76,0
-6.329345e-05,-0.0002715744,0,1,96.9264,96.9264,365.76,0
-6.317555e-05,-0.000270966,0,1,97.29216,97.29216,365.76,0
-6.300728e-05,-0.0002704039,0,1,97.65792,97.65792,365.76,0
-6.273826e-05,-0.0002699342,0,1,98.02368,98.02368,365.76,0
-6.246925e-05,-0.0002694645,0,1,98.38944,98.38944,365.76,0
-6.220023e-05,-0.0002689949,0,1,98.7552,98.7552,365.76,0
-6.193121e-05,-0.0002685252,0,1,99.12096,99.12096,365.76,0
-6.166219e-05,-0.0002680555,0,1,99.48672,99.48672,365.76,0
-6.139317e-05,-0.0002675858,0,1,99.85249,99.85249,365.76,0
-6.112416e-05,-0.0002671161,0,1,100.2182,100.2182,365.76,0
-6.085514e-05,-0.0002666465,0,1,100.584,100.584,365.76,0
-6.058612e-05,-0.0002661768,0,1,100.9498,100.9498,365.76,0
-6.031711e-05,-0.0002657071,0,1,101.3155,101.3155,365.76,0
-6.004809e-05,-0.0002652374,0,1,101.6813,101.6813,365.76,0
-5.977907e-05,-0.0002647677,0,1,102.047,102.047,365.76,0
-5.951005e-05,-0.0002642981,0,1,102.4128,102.4128,365.76,0
-5.924104e-05,-0.0002638284,0,1,102.7786,102.7786,365.76,0
-5.897202e-05,-0.0002633587,0,1,103.1443,103.1443,365.76,0
-5.8703e-05,-0.000262889,0,1,103.5101,103.5101,365.76,0
-5.841811e-05,-0.0002625563,0,1,103.8758,103.8758,365.76,0
-5.812528e-05,-0.000262292,0,1,104.2416,104.2416,365.76,0
-5.783244e-05,-0.0002620277,0,1,104.6074,104.6074,365.76,0
-5.753961e-05,-0.0002617634,0,1,104.9731,104.9731,365.76,0
-5.724677e-05,-0.0002614991,0,1,105.3389,105.3389,365.76,0
-5.695394e-05,-0.0002612348,0,1,105.7046,105.7046,365.76,0
-5.666111e-05,-0.0002609705,0,1,106.0704,106.0704,365.76,0
-5.636827e-05,-0.0002607061,0,1,106.4362,106.4362,365.76,0
-5.607544e-05,-0.0002604419,0,1,106.8019,106.8019,365.76,0
-5.57826e-05,-0.0002601775,0,1,107.1677,107.1677,365.76,0
-5.548977e-05,-0.0002599132,0,1,107.5334,107.5334,365.76,0
-5.519694e-05,-0.000259649,0,1,107.8992,107.8992,365.76,0
-5.490411e-05,-0.0002593846,0,1,108.265,108.265,365.76,0
-5.461127e-05,-0.0002591203,0,1,108.6307,108.6307,365.76,0
-5.431844e-05,-0.000258856,0,1,108.9965,108.9965,365.76,0
-5.40256e-05,-0.0002585917,0,1,109.3622,109.3622,365.76,0
-5.373278e-05,-0.0002583274,0,1,109.728,109.728,365.76,0
-5.367258e-05,-0.0002580995,0,1,110.0938,110.0938,365.76,0
-5.361239e-05,-0.0002578715,0,1,110.4595,110.4595,365.76,0
-5.355219e-05,-0.0002576436,0,1,110.8253,110.8253,365.76,0
-5.3492e-05,-0.0002574156,0,1,111.191,111.191,365.76,0
-5.343181e-05,-0.0002571876,0,1,111.5568,111.5568,365.76,0
-5.337162e-05,-0.0002569597,0,1,111.9226,111.9226,365.76,0
-5.331142e-05,-0.0002567317,0,1,112.2883,112.2883,365.76,0
-5.325123e-05,-0.0002565037,0,1,112.6541,112.6541,365.76,0
-5.319103e-05,-0.0002562758,0,1,113.0198,113.0198,365.76,0
-5.313084e-05,-0.0002560478,0,1,113.3856,113.3856,365.76,0
-5.307065e-05,-0.0002558198,0,1,113.7514,113.7514,365.76,0
-5.301046e-05,-0.0002555919,0,1,114.1171,114.1171,365.76,0
-5.295026e-05,-0.0002553639,0,1,114.4829,114.4829,365.76,0
-5.289007e-05,-0.000255136,0,1,114.8486,114.8486,365.76,0
-5.282987e-05,-0.000254908,0,1,115.2144,115.2144,365.76,0
-5.276968e-05,-0.0002546801,0,1,115.5802,115.5802,365.76,0
-5.271278e-05,-0.0002543933,0,1,115.9459,115.9459,365.76,0
-5.266249e-05,-0.0002539888,0,1,116.3117,116.3117,365.76,0
-5.261218e-05,-0.0002535844,0,1,116.6774,116.6774,365.76,0
-5.256189e-05,-0.00025318,0,1,117.0432,117.0432,365.76,0
-5.251158e-05,-0.0002527755,0,1,117.409,117.409,365.76,0
-5.246128e-05,-0.0002523711,0,1,117.7747,117.7747,365.76,0
-5.241099e-05,-0.0002519667,0,1,118.1405,118.1405,365.76,0
-5.236068e-05,-0.0002515622,0,1,118.5062,118.5062,365.76,0
-5.231038e-05,-0.0002511578,0,1,118.872,118.872,365.76,0
-5.226008e-05,-0.0002507534,0,1,119.2378,119.2378,365.76,0
-5.220978e-05,-0.000250349,0,1,119.6035,119.6035,365.76,0
-5.215948e-05,-0.0002499445,0,1,119.9693,119.9693,365.76,0
-5.210918e-05,-0.0002495401,0,1,120.335,120.335,365.76,0
-5.205888e-05,-0.0002491357,0,1,120.7008,120.7008,365.76,0
-5.200858e-05,-0.0002487312,0,1,121.0666,121.0666,365.76,0
-5.195828e-05,-0.0002483268,0,1,121.4323,121.4323,365.76,0
-5.190798e-05,-0.0002479224,0,1,121.7981,121.7981,365.76,0
-5.175726e-05,-0.0002474549,0,1,122.1638,122.1638,365.76,0
-5.155632e-05,-0.0002469559,0,1,122.5296,122.5296,365.76,0
-5.135538e-05,-0.0002464569,0,1,122.8954,122.8954,365.76,0
-5.115444e-05,-0.0002459579,0,1,123.2611,123.2611,365.76,0
-5.09535e-05,-0.0002454589,0,1,123.6269,123.6269,365.76,0
-5.075257e-05,-0.00024496,0,1,123.9926,123.9926,365.76,0
-5.055163e-05,-0.000244461,0,1,124.3584,124.3584,365.76,0
-5.035069e-05,-0.000243962,0,1,124.7242,124.7242,365.76,0
-5.014975e-05,-0.000243463,0,1,125.0899,125.0899,365.76,0
-4.994882e-05,-0.000242964,0,1,125.4557,125.4557,365.76,0
-4.974788e-05,-0.000242465,0,1,125.8214,125.8214,365.76,0
-4.954694e-05,-0.000241966,0,1,126.1872,126.1872,365.76,0
-4.9346e-05,-0.000241467,0,1,126.553,126.553,365.76,0
-4.914506e-05,-0.000240968,0,1,126.9187,126.9187,365.76,0
-4.894412e-05,-0.0002404691,0,1,127.2845,127.2845,365.76,0
-4.874319e-05,-0.0002399701,0,1,127.6502,127.6502,365.76,0
-4.854225e-05,-0.0002394711,0,1,128.016,128.016,365.76,0
-4.821007e-05,-0.0002390066,0,1,128.3818,128.3818,365.76,0
-4.787787e-05,-0.0002385421,0,1,128.7475,128.7475,365.76,0
-4.754569e-05,-0.0002380776,0,1,129.1133,129.1133,365.76,0
-4.72135e-05,-0.0002376131,0,1,129.479,129.479,365.76,0
-4.688132e-05,-0.0002371486,0,1,129.8448,129.8448,365.76,0
-4.654914e-05,-0.0002366841,0,1,130.2106,130.2106,365.76,0
-4.621694e-05,-0.0002362196,0,1,130.5763,130.5763,365.76,0
-4.588476e-05,-0.0002357551,0,1,130.9421,130.9421,365.76,0
-4.555257e-05,-0.0002352905,0,1,131.3078,131.3078,365.76,0
-4.522039e-05,-0.000234826,0,1,131.6736,131.6736,365.76,0
-4.488819e-05,-0.0002343615,0,1,132.0394,132.0394,365.76,0
-4.455601e-05,-0.000233897,0,1,132.4051,132.4051,365.76,0
-4.422382e-05,-0.0002334325,0,1,132.7709,132.7709,365.76,0
-4.389164e-05,-0.000232968,0,1,133.1366,133.1366,365.76,0
-4.355945e-05,-0.0002325035,0,1,133.5024,133.5024,365.76,0
-4.322727e-05,-0.000232039,0,1,133.8682,133.8682,365.76,0
-4.286079e-05,-0.000231592,0,1,134.2339,134.2339,365.76,0
-4.24257e-05,-0.0002311798,0,1,134.5997,134.5997,365.76,0
-4.199063e-05,-0.0002307676,0,1,134.9654,134.9654,365.76,0
-4.155554e-05,-0.0002303555,0,1,135.3312,135.3312,365.76,0
-4.112047e-05,-0.0002299433,0,1,135.697,135.697,365.76,0
-4.068538e-05,-0.0002295312,0,1,136.0627,136.0627,365.76,0
-4.02503e-05,-0.000229119,0,1,136.4285,136.4285,365.76,0
-3.981522e-05,-0.0002287068,0,1,136.7943,136.7943,365.76,0
-3.938014e-05,-0.0002282947,0,1,137.16,137.16,365.76,0
-3.894507e-05,-0.0002278825,0,1,137.5258,137.5258,365.76,0
-3.850998e-05,-0.0002274704,0,1,137.8915,137.8915,365.76,0
-3.807491e-05,-0.0002270582,0,1,138.2573,138.2573,365.76,0
-3.763982e-05,-0.0002266461,0,1,138.623,138.623,365.76,0
-3.720475e-05,-0.0002262339,0,1,138.9888,138.9888,365.76,0
-3.676966e-05,-0.0002258217,0,1,139.3546,139.3546,365.76,0
-3.633459e-05,-0.0002254096,0,1,139.7203,139.7203,365.76,0
-3.589949e-05,-0.0002249974,0,1,140.0861,140.0861,365.76,0
-3.542725e-05,-0.0002245938,0,1,140.4518,140.4518,365.76,0
-3.493641e-05,-0.0002241945,0,1,140.8176,140.8176,365.76,0
-3.444556e-05,-0.0002237951,0,1,141.1834,141.1834,365.76,0
-3.395473e-05,-0.0002233958,0,1,141.5491,141.5491,365.76,0
-3.346387e-05,-0.0002229964,0,1,141.9149,141.9149,365.76,0
-3.297304e-05,-0.0002225971,0,1,142.2806,142.2806,365.76,0
-3.248218e-05,-0.0002221978,0,1,142.6464,142.6464,365.76,0
-3.199135e-05,-0.0002217984,0,1,143.0122,143.0122,365.76,0
-3.15005e-05,-0.0002213991,0,1,143.3779,143.3779,365.76,0
-3.100967e-05,-0.0002209998,0,1,143.7437,143.7437,365.76,0
-3.051881e-05,-0.0002206004,0,1,144.1095,144.1095,365.76,0
-3.002798e-05,-0.0002202011,0,1,144.4752,144.4752,365.76,0
-2.953714e-05,-0.0002198017,0,1,144.841,144.841,365.76,0
-2.904629e-05,-0.0002194024,0,1,145.2067,145.2067,365.76,0
-2.855546e-05,-0.0002190031,0,1,145.5725,145.5725,365.76,0
-2.80646e-05,-0.0002186037,0,1,145.9382,145.9382,365.76,0
-2.757377e-05,-0.0002182044,0,1,146.304,146.304,365.76,0
-2.678927e-05,-0.0002179285,0,1,146.6698,146.6698,365.76,0
-2.60048e-05,-0.0002176527,0,1,147.0355,147.0355,365.76,0
-2.52203e-05,-0.0002173768,0,1,147.4013,147.4013,365.76,0
-2.443584e-05,-0.000217101,0,1,147.767,147.767,365.76,0
-2.365137e-05,-0.0002168251,0,1,148.1328,148.1328,365.76,0
-2.286687e-05,-0.0002165493,0,1,148.4986,148.4986,365.76,0
-2.20824e-05,-0.0002162734,0,1,148.8643,148.8643,365.76,0
-2.12979e-05,-0.0002159976,0,1,149.2301,149.2301,365.76,0
-2.051343e-05,-0.0002157217,0,1,149.5958,149.5958,365.76,0
-1.972894e-05,-0.0002154458,0,1,149.9616,149.9616,365.76,0
-1.894447e-05,-0.00021517,0,1,150.3274,150.3274,365.76,0
-1.815997e-05,-0.0002148941,0,1,150.6931,150.6931,365.76,0
-1.73755e-05,-0.0002146183,0,1,151.0589,151.0589,365.76,0
-1.659103e-05,-0.0002143424,0,1,151.4246,151.4246,365.76,0
-1.580653e-05,-0.0002140666,0,1,151.7904,151.7904,365.76,0
-1.502207e-05,-0.0002137907,0,1,152.1562,152.1562,365.76,0
-1.424915e-05,-0.0002136422,0,1,152.5219,152.5219,365.76,0
-1.349944e-05,-0.0002137482,0,1,152.8877,152.8877,365.76,0
-1.274969e-05,-0.0002138543,0,1,153.2534,153.2534,365.76,0
-1.199997e-05,-0.0002139603,0,1,153.6192,153.6192,365.76,0
-1.125023e-05,-0.0002140664,0,1,153.985,153.985,365.76,0
-1.050051e-05,-0.0002141725,0,1,154.3507,154.3507,365.76,0
-9.750768e-06,-0.0002142785,0,1,154.7165,154.7165,365.76,0
-9.001054e-06,-0.0002143846,0,1,155.0822,155.0822,365.76,0
-8.251339e-06,-0.0002144906,0,1,155.448,155.448,365.76,0
-7.501592e-06,-0.0002145967,0,1,155.8138,155.8138,365.76,0
-6.751878e-06,-0.0002147027,0,1,156.1795,156.1795,365.76,0
-6.002132e-06,-0.0002148088,0,1,156.5453,156.5453,365.76,0
-5.252417e-06,-0.0002149148,0,1,156.911,156.911,365.76,0
-4.502671e-06,-0.0002150209,0,1,157.2768,157.2768,365.76,0
-3.752956e-06,-0.0002151269,0,1,157.6426,157.6426,365.76,0
-3.00321e-06,-0.000215233,0,1,158.0083,158.0083,365.76,0
-2.253495e-06,-0.000215339,0,1,158.3741,158.3741,365.76,0
-1.674077e-06,-0.000215589,0,1,158.7398,158.7398,365.76,0
-1.179787e-06,-0.0002159108,0,1,159.1056,159.1056,365.76,0
-6.855173e-07,-0.0002162327,0,1,159.4714,159.4714,365.76,0
-1.912271e-07,-0.0002165545,0,1,159.8371,159.8371,365.76,0
3.030425e-07,-0.0002168764,0,1,160.2029,160.2029,365.76,0
7.973326e-07,-0.0002171982,0,1,160.5686,160.5686,365.76,0
1.291602e-06,-0.0002175201,0,1,160.9344,160.9344,365.76,0
1.785892e-06,-0.000217842,0,1,161.3002,161.3002,365.76,0
2.280162e-06,-0.0002181638,0,1,161.6659,161.6659,365.76,0
2.774432e-06,-0.0002184856,0,1,162.0317,162.0317,365.76,0
3.268722e-06,-0.0002188075,0,1,162.3974,162.3974,365.76,0
3.762991e-06,-0.0002191294,0,1,162.7632,162.7632,365.76,0
4.257281e-06,-0.0002194512,0,1,163.129,163.129,365.76,0
4.751551e-06,-0.0002197731,0,1,163.4947,163.4947,365.76,0
5.245841e-06,-0.0002200949,0,1,163.8605,163.8605,365.76,0
5.740111e-06,-0.0002204168,0,1,164.2262,164.2262,365.76,0
6.234387e-06,-0.0002207386,0,1,164.592,164.592,365.76,0
6.39146e-06,-0.0002209922,0,1,164.9578,164.9578,365.76,0
6.548534e-06,-0.0002212458,0,1,165.3235,165.3235,365.76,0
6.705615e-06,-0.0002214995,0,1,165.6893,165.6893,365.76,0
6.862689e-06,-0.0002217531,0,1,166.055,166.055,365.76,0
7.019769e-06,-0.0002220067,0,1,166.4208,166.4208,365.76,0
7.176843e-06,-0.0002222603,0,1,166.7866,166.7866,365.76,0
7.333923e-06,-0.0002225139,0,1,167.1523,167.1523,365.76,0
7.490997e-06,-0.0002227675,0,1,167.5181,167.5181,365.76,0
7.648077e-06,-0.0002230211,0,1,167.8839,167.8839,365.76,0
7.805151e-06,-0.0002232748,0,1,168.2496,168.2496,365.76,0
7.962231e-06,-0.0002235284,0,1,168.6154,168.6154,365.76,0
8.119305e-06,-0.000223782,0,1,168.9811,168.9811,365.76,0
8.276379e-06,-0.0002240356,0,1,169.3469,169.3469,365.76,0
8.43346e-06,-0.0002242892,0,1,169.7126,169.7126,365.76,0
8.590533e-06,-0.0002245428,0,1,170.0784,170.0784,365.76,0
8.747614e-06,-0.0002247964,0,1,170.4442,170.4442,365.76,0
8.872164e-06,-0.0002249381,0,1,170.8099,170.8099,365.76,0
8.931674e-06,-0.0002248559,0,1,171.1757,171.1757,365.76,0
8.991179e-06,-0.0002247738,0,1,171.5414,171.5414,365.76,0
9.050688e-06,-0.0002246916,0,1,171.9072,171.9072,365.76,0
9.110195e-06,-0.0002246095,0,1,172.273,172.273,365.76,0
9.1697e-06,-0.0002245273,0,1,172.6387,172.6387,365.76,0
9.229209e-06,-0.0002244451,0,1,173.0045,173.0045,365.76,0
9.288715e-06,-0.000224363,0,1,173.3702,173.3702,365.76,0
9.348224e-06,-0.0002242808,0,1,173.736,173.736,365.76,0
9.40773e-06,-0.0002241987,0,1,174.1018,174.1018,365.76,0
9.467239e-06,-0.0002241165,0,1,174.4675,174.4675,365.76,0
9.526745e-06,-0.0002240344,0,1,174.8333,174.8333,365.76,0
9.586253e-06,-0.0002239522,0,1,175.1991,175.1991,365.76,0
9.64576e-06,-0.00022387,0,1,175.5648,175.5648,365.76,0
9.705266e-06,-0.0002237879,0,1,175.9306,175.9306,365.76,0
9.764774e-06,-0.0002237057,0,1,176.2963,176.2963,365.76,0
9.824281e-06,-0.0002236236,0,1,176.6621,176.6621,365.76,0
1.013344e-05,-0.0002234271,0,1,177.0278,177.0278,365.76,0
1.05674e-05,-0.0002231736,0,1,177.3936,177.3936,365.76,0
1.100137e-05,-0.00022292,0,1,177.7594,177.7594,365.76,0
1.143533e-05,-0.0002226665,0,1,178.1251,178.1251,365.76,0
1.18693e-05,-0.0002224129,0,1,178.4909,178.4909,365.76,0
1.230326e-05,-0.0002221594,0,1,178.8566,178.8566,365.76,0
1.273723e-05,-0.0002219058,0,1,179.2224,179.2224,365.76,0
1.317119e-05,-0.0002216523,0,1,179.5882,179.5882,365.76,0
1.360515e-05,-0.0002213987,0,1,179.9539,179.9539,365.76,0
1.403912e-05,-0.0002211452,0,1,180.3197,180.3197,365.76,0
1.447308e-05,-0.0002208916,0,1,180.6854,180.6854,365.76,0
1.490705e-05,-0.000220638,0,1,181.0512,181.0512,365.76,0
1.534101e-05,-0.0002203845,0,1,181.417,181.417,365.76,0
1.577498e-05,-0.0002201309,0,1,181.7827,181.7827,365.76,0
1.620894e-05,-0.0002198774,0,1,182.1485,182.1485,365.76,0
1.664292e-05,-0.0002196238,0,1,182.5143,182.5143,365.76,0
1.707687e-05,-0.0002193703,0,1,182.88,182.88,365.76,0
1.765001e-05,-0.0002193128,0,1,183.2458,183.2458,365.76,0
1.822317e-05,-0.0002192553,0,1,183.6115,183.6115,365.76,0
1.87963e-05,-0.0002191978,0,1,183.9773,183.9773,365.76,0
1.936946e-05,-0.0002191403,0,1,184.343,184.343,365.76,0
1.99426e-05,-0.0002190828,0,1,184.7088,184.7088,365.76,0
2.051576e-05,-0.0002190253,0,1,185.0746,185.0746,365.76,0
2.108889e-05,-0.0002189678,0,1,185.4403,185.4403,365.76,0
2.166205e-05,-0.0002189103,0,1,185.8061,185.8061,365.76,0
2.223518e-05,-0.0002188528,0,1,186.1718,186.1718,365.76,0
2.280832e-05,-0.0002187953,0,1,186.5376,186.5376,365.76,0
2.338148e-05,-0.0002187378,0,1,186.9034,186.9034,365.76,0
2.395461e-05,-0.0002186803,0,1,187.2691,187.2691,365.76,0
2.452777e-05,-0.0002186228,0,1,187.6349,187.6349,365.76,0
2.510091e-05,-0.0002185653,0,1,188.0006,188.0006,365.76,0
2.567407e-05,-0.0002185078,0,1,188.3664,188.3664,365.76,0
2.62472e-05,-0.0002184503,0,1,188.7322,188.7322,365.76,0
2.683642e-05,-0.0002184181,0,1,189.0979,189.0979,365.76,0
2.745771e-05,-0.0002184367,0,1,189.4637,189.4637,365.76,0
2.807903e-05,-0.0002184553,0,1,189.8295,189.8295,365.76,0
2.870033e-05,-0.0002184739,0,1,190.1952,190.1952,365.76,0
2.932162e-05,-0.0002184925,0,1,190.561,190.561,365.76,0
2.994294e-05,-0.000218511,0,1,190.9267,190.9267,365.76,0
3.056424e-05,-0.0002185296,0,1,191.2925,191.2925,365.76,0
3.118555e-05,-0.0002185482,0,1,191.6582,191.6582,365.76,0
3.180685e-05,-0.0002185668,0,1,192.024,192.024,365.76,0
3.242817e-05,-0.0002185854,0,1,192.3898,192.3898,365.76,0
3.304947e-05,-0.0002186039,0,1,192.7555,192.7555,365.76,0
3.367079e-05,-0.0002186225,0,1,193.1213,193.1213,365.76,0
3.429208e-05,-0.0002186411,0,1,193.487,193.487,365.76,0
3.491338e-05,-0.0002186597,0,1,193.8528,193.8528,365.76,0
3.55347e-05,-0.0002186783,0,1,194.2186,194.2186,365.76,0
3.615599e-05,-0.0002186969,0,1,194.5843,194.5843,365.76,0
3.677731e-05,-0.0002187154,0,1,194.9501,194.9501,365.76,0
3.754002e-05,-0.0002188899,0,1,195.3158,195.3158,365.76,0
3.837348e-05,-0.0002191423,0,1,195.6816,195.6816,365.76,0
3.920691e-05,-0.0002193946,0,1,196.0474,196.0474,365.76,0
4.004036e-05,-0.000219647,0,1,196.4131,196.4131,365.76,0
4.087379e-05,-0.0002198993,0,1,196.7789,196.7789,365.76,0
4.170721e-05,-0.0002201517,0,1,197.1446,197.1446,365.76,0
4.254067e-05,-0.0002204041,0,1,197.5104,197.5104,365.76,0
4.337409e-05,-0.0002206564,0,1,197.8762,197.8762,365.76,0
4.420755e-05,-0.0002209088,0,1,198.2419,198.2419,365.76,0
4.504097e-05,-0.0002211611,0,1,198.6077,198.6077,365.76,0
4.587443e-05,-0.0002214135,0,1,198.9734,198.9734,365.76,0
4.670785e-05,-0.0002216659,0,1,199.3392,199.3392,365.76,0
4.754131e-05,-0.0002219182,0,1,199.705,199.705,365.76,0
4.837474e-05,-0.0002221706,0,1,200.0707,200.0707,365.76,0
4.920819e-05,-0.000222423,0,1,200.4365,200.4365,365.76,0
5.004161e-05,-0.0002226753,0,1,200.8022,200.8022,365.76,0
5.087504e-05,-0.0002229277,0,1,201.168,201.168,365.76,0
5.148604e-05,-0.0002235337,0,1,201.5338,201.5338,365.76,0
5.209702e-05,-0.0002241397,0,1,201.8995,201.8995,365.76,0
5.270802e-05,-0.0002247457,0,1,202.2653,202.2653,365.76,0
5.331899e-05,-0.0002253517,0,1,202.631,202.631,365.76,0
5.392999e-05,-0.0002259577,0,1,202.9968,202.9968,365.76,0
5.454097e-05,-0.0002265637,0,1,203.3626,203.3626,365.76,0
5.515197e-05,-0.0002271698,0,1,203.7283,203.7283,365.76,0
5.576295e-05,-0.0002277757,0,1,204.0941,204.0941,365.76,0
5.637393e-05,-0.0002283817,0,1,204.4598,204.4598,365.76,0
5.698493e-05,-0.0002289878,0,1,204.8256,204.8256,365.76,0
5.75959e-05,-0.0002295938,0,1,205.1914,205.1914,365.76,0
5.82069e-05,-0.0002301998,0,1,205.5571,205.5571,365.76,0
5.881788e-05,-0.0002308058,0,1,205.9229,205.9229,365.76,0
5.942888e-05,-0.0002314118,0,1,206.2887,206.2887,365.76,0
6.003986e-05,-0.0002320178,0,1,206.6544,206.6544,365.76,0
6.065086e-05,-0.0002326238,0,1,207.0202,207.0202,365.76,0
6.116384e-05,-0.0002332334,0,1,207.3859,207.3859,365.76,0
6.148082e-05,-0.0002338501,0,1,207.7517,207.7517,365.76,0
6.179781e-05,-0.0002344668,0,1,208.1174,208.1174,365.76,0
6.211479e-05,-0.0002350835,0,1,208.4832,208.4832,365.76,0
6.243179e-05,-0.0002357003,0,1,208.849,208.849,365.76,0
6.274877e-05,-0.000236317,0,1,209.2147,209.2147,365.76,0
6.306577e-05,-0.0002369337,0,1,209.5805,209.5805,365.76,0
6.338274e-05,-0.0002375504,0,1,209.9462,209.9462,365.76,0
6.369974e-05,-0.0002381671,0,1,210.312,210.312,365.76,0
6.401673e-05,-0.0002387838,0,1,210.6778,210.6778,365.76,0
6.43337e-05,-0.0002394006,0,1,211.0435,211.0435,365.76,0
6.46507e-05,-0.0002400173,0,1,211.4093,211.4093,365.76,0
6.496768e-05,-0.000240634,0,1,211.775,211.775,365.76,0
6.528468e-05,-0.0002412507,0,1,212.1408,212.1408,365.76,0
6.560166e-05,-0.0002418674,0,1,212.5066,212.5066,365.76,0
6.591866e-05,-0.0002424842,0,1,212.8723,212.8723,365.76,0
6.623563e-05,-0.0002431009,0,1,213.2381,213.2381,365.76,0
6.650994e-05,-0.000243667,0,1,213.6039,213.6039,365.76,0
6.676288e-05,-0.0002442079,0,1,213.9696,213.9696,365.76,0
6.701583e-05,-0.0002447488,0,1,214.3354,214.3354,365.76,0
6.726877e-05,-0.0002452897,0,1,214.7011,214.7011,365.76,0
6.752172e-05,-0.0002458305,0,1,215.0669,215.0669,365.76,0
6.777467e-05,-0.0002463714,0,1,215.4326,215.4326,365.76,0
6.802761e-05,-0.0002469123,0,1,215.7984,215.7984,365.76,0
6.828057e-05,-0.0002474532,0,1,216.1642,216.1642,365.76,0
6.853351e-05,-0.0002479941,0,1,216.5299,216.5299,365.76,0
6.878647e-05,-0.0002485349,0,1,216.8957,216.8957,365.76,0
6.903941e-05,-0.0002490758,0,1,217.2614,217.2614,365.76,0
6.929236e-05,-0.0002496167,0,1,217.6272,217.6272,365.76,0
6.954531e-05,-0.0002501576,0,1,217.993,217.993,365.76,0
6.979825e-05,-0.0002506984,0,1,218.3587,218.3587,365.76,0
7.00512e-05,-0.0002512393,0,1,218.7245,218.7245,365.76,0
7.030415e-05,-0.0002517802,0,1,219.0902,219.0902,365.76,0
7.05571e-05,-0.0002523211,0,1,219.456,219.456,365.76,0
7.081785e-05,-0.0002529184,0,1,219.8218,219.8218,365.76,0
7.10786e-05,-0.0002535158,0,1,220.1875,220.1875,365.76,0
7.133934e-05,-0.0002541131,0,1,220.5533,220.5533,365.76,0
7.160009e-05,-0.0002547105,0,1,220.9191,220.9191,365.76,0
7.186084e-05,-0.0002553079,0,1,221.2848,221.2848,365.76,0
7.212158e-05,-0.0002559052,0,1,221.6506,221.6506,365.76,0
7.238233e-05,-0.0002565026,0,1,222.0163,222.0163,365.76,0
7.264307e-05,-0.0002570999,0,1,222.3821,222.3821,365.76,0
7.290383e-05,-0.0002576973,0,1,222.7478,222.7478,365.76,0
7.316457e-05,-0.0002582947,0,1,223.1136,223.1136,365.76,0
7.342533e-05,-0.0002588921,0,1,223.4794,223.4794,365.76,0
7.368607e-05,-0.0002594894,0,1,223.8451,223.8451,365.76,0
7.394682e-05,-0.0002600868,0,1,224.2109,224.2109,365.76,0
7.420756e-05,-0.0002606841,0,1,224.5766,224.5766,365.76,0
7.446831e-05,-0.0002612815,0,1,224.9424,224.9424,365.76,0
7.472905e-05,-0.0002618789,0,1,225.3082,225.3082,365.76,0
7.493574e-05,-0.0002624967,0,1,225.6739,225.6739,365.76,0
7.50343e-05,-0.0002631556,0,1,226.0397,226.0397,365.76,0
7.513285e-05,-0.0002638145,0,1,226.4054,226.4054,365.76,0
7.52314e-05,-0.0002644734,0,1,226.7712,226.7712,365.76,0
7.532995e-05,-0.0002651323,0,1,227.137,227.137,365.76,0
7.542851e-05,-0.0002657912,0,1,227.5027,227.5027,365.76,0
7.552707e-05,-0.00026645,0,1,227.8685,227.8685,365.76,0
7.562562e-05,-0.0002671089,0,1,228.2343,228.2343,365.76,0
7.572417e-05,-0.0002677678,0,1,228.6,228.6,365.76,0
7.582273e-05,-0.0002684267,0,1,228.9658,228.9658,365.76,0
7.592129e-05,-0.0002690856,0,1,229.3315,229.3315,365.76,0
7.601984e-05,-0.0002697444,0,1,229.6973,229.6973,365.76,0
7.611839e-05,-0.0002704033,0,1,230.063,230.063,365.76,0
7.621694e-05,-0.0002710622,0,1,230.4288,230.4288,365.76,0
7.63155e-05,-0.0002717211,0,1,230.7946,230.7946,365.76,0
7.641406e-05,-0.00027238,0,1,231.1603,231.1603,365.76,0
7.651262e-05,-0.0002730389,0,1,231.5261,231.5261,365.76,0
7.654941e-05,-0.0002736961,0,1,231.8918,231.8918,365.76,0
7.655534e-05,-0.0002743525,0,1,232.2576,232.2576,365.76,0
7.656126e-05,-0.000275009,0,1,232.6234,232.6234,365.76,0
7.656719e-05,-0.0002756654,0,1,232.9891,232.9891,365.76,0
7.657312e-05,-0.0002763219,0,1,233.3549,233.3549,365.76,0
7.657905e-05,-0.0002769783,0,1,233.7206,233.7206,365.76,0
7.658497e-05,-0.0002776348,0,1,234.0864,234.0864,365.76,0
7.65909e-05,-0.0002782912,0,1,234.4522,234.4522,365.76,0
7.659682e-05,-0.0002789477,0,1,234.8179,234.8179,365.76,0
7.660275e-05,-0.0002796041,0,1,235.1837,235.1837,365.76,0
7.660867e-05,-0.0002802606,0,1,235.5495,235.5495,365.76,0
7.66146e-05,-0.000280917,0,1,235.9152,235.9152,365.76,0
7.662053e-05,-0.0002815734,0,1,236.281,236.281,365.76,0
7.662646e-05,-0.0002822299,0,1,236.6467,236.6467,365.76,0
7.663238e-05,-0.0002828864,0,1,237.0125,237.0125,365.76,0
7.663831e-05,-0.0002835428,0,1,237.3783,237.3783,365.76,0
7.664423e-05,-0.0002841993,0,1,237.744,237.744,365.76,0
7.65157e-05,-0.0002848629,0,1,238.1098,238.1098,365.76,0
7.638717e-05,-0.0002855264,0,1,238.4755,238.4755,365.76,0
7.625864e-05,-0.0002861901,0,1,238.8413,238.8413,365.76,0
7.613012e-05,-0.0002868536,0,1,239.207,239.207,365.76,0
7.600159e-05,-0.0002875172,0,1,239.5728,239.5728,365.76,0
7.587306e-05,-0.0002881808,0,1,239.9386,239.9386,365.76,0
7.574454e-05,-0.0002888444,0,1,240.3043,240.3043,365.76,0
7.561601e-05,-0.000289508,0,1,240.6701,240.6701,365.76,0
7.548748e-05,-0.0002901716,0,1,241.0358,241.0358,365.76,0
7.535895e-05,-0.0002908352,0,1,241.4016,241.4016,365.76,0
7.523043e-05,-0.0002914988,0,1,241.7674,241.7674,365.76,0
7.51019e-05,-0.0002921624,0,1,242.1331,242.1331,365.76,0
7.497337e-05,-0.000292826,0,1,242.4989,242.4989,365.76,0
7.484484e-05,-0.0002934896,0,1,242.8646,242.8646,365.76,0
7.471631e-05,-0.0002941532,0,1,243.2304,243.2304,365.76,0
7.458778e-05,-0.0002948168,0,1,243.5962,243.5962,365.76,0
7.440666e-05,-0.0002954552,0,1,243.9619,243.9619,365.76,0
7.412035e-05,-0.000296043,0,1,244.3277,244.3277,365.76,0
7.383403e-05,-0.0002966309,0,1,244.6935,244.6935,365.76,0
7.354772e-05,-0.0002972188,0,1,245.0592,245.0592,365.76,0
7.326141e-05,-0.0002978067,0,1,245.425,245.425,365.76,0
7.29751e-05,-0.0002983945,0,1,245.7907,245.7907,365.76,0
7.268878e-05,-0.0002989824,0,1,246.1565,246.1565,365.76,0
7.240248e-05,-0.0002995703,0,1,246.5222,246.5222,365.76,0
7.211617e-05,-0.0003001581,0,1,246.888,246.888,365.76,0
7.182985e-05,-0.000300746,0,1,247.2538,247.2538,365.76,0
7.154355e-05,-0.0003013339,0,1,247.6195,247.6195,365.76,0
7.125723e-05,-0.0003019218,0,1,247.9853,247.9853,365.76,0
7.097092e-05,-0.0003025096,0,1,248.351,248.351,365.76,0
7.06846e-05,-0.0003030975,0,1,248.7168,248.7168,365.76,0
7.03983e-05,-0.0003036854,0,1,249.0826,249.0826,365.76,0
7.011198e-05,-0.0003042733,0,1,249.4483,249.4483,365.76,0
6.982568e-05,-0.0003048611,0,1,249.8141,249.8141,365.76,0
6.948922e-05,-0.0003053737,0,1,250.1798,250.1798,365.76,0
6.912766e-05,-0.0003058488,0,1,250.5456,250.5456,365.76,0
6.876612e-05,-0.0003063238,0,1,250.9114,250.9114,365.76,0
6.840457e-05,-0.0003067988,0,1,251.2771,251.2771,365.76,0
6.804303e-05,-0.0003072738,0,1,251.6429,251.6429,365.76,0
6.768147e-05,-0.0003077488,0,1,252.0087,252.0087,365.76,0
6.731994e-05,-0.0003082238,0,1,252.3744,252.3744,365.76,0
6.695838e-05,-0.0003086988,0,1,252.7402,252.7402,365.76,0
6.659685e-05,-0.0003091738,0,1,253.1059,253.1059,365.76,0
6.62353e-05,-0.0003096488,0,1,253.4717,253.4717,365.76,0
6.587376e-05,-0.0003101238,0,1,253.8374,253.8374,365.76,0
6.551221e-05,-0.0003105988,0,1,254.2032,254.2032,365.76,0
6.515066e-05,-0.0003110738,0,1,254.569,254.569,365.76,0
6.478912e-05,-0.0003115488,0,1,254.9347,254.9347,365.76,0
6.442757e-05,-0.0003120238,0,1,255.3005,255.3005,365.76,0
6.406604e-05,-0.0003124988,0,1,255.6662,255.6662,365.76,0
6.370448e-05,-0.0003129738,0,1,256.032,256.032,365.76,0
6.326643e-05,-0.0003133342,0,1,256.3978,256.3978,365.76,0
6.282838e-05,-0.0003136946,0,1,256.7635,256.7635,365.76,0
6.239034e-05,-0.000314055,0,1,257.1293,257.1293,365.76,0
6.195225e-05,-0.0003144155,0,1,257.4951,257.4951,365.76,0
6.151421e-05,-0.0003147759,0,1,257.8608,257.8608,365.76,0
6.107616e-05,-0.0003151363,0,1,258.2266,258.2266,365.76,0
6.063811e-05,-0.0003154967,0,1,258.5923,258.5923,365.76,0
6.020003e-05,-0.0003158571,0,1,258.9581,258.9581,365.76,0
5.976198e-05,-0.0003162175,0,1,259.3239,259.3239,365.76,0
5.932393e-05,-0.0003165779,0,1,259.6896,259.6896,365.76,0
5.888588e-05,-0.0003169383,0,1,260.0554,260.0554,365.76,0
5.844784e-05,-0.0003172987,0,1,260.4211,260.4211,365.76,0
5.800975e-05,-0.0003176591,0,1,260.7869,260.7869,365.76,0
5.75717e-05,-0.0003180196,0,1,261.1526,261.1526,365.76,0
5.713366e-05,-0.00031838,0,1,261.5184,261.5184,365.76,0
5.669561e-05,-0.0003187403,0,1,261.8842,261.8842,365.76,0
5.62565e-05,-0.000319055,0,1,262.2499,262.2499,365.76,0
5.581539e-05,-0.000319278,0,1,262.6157,262.6157,365.76,0
5.537428e-05,-0.0003195009,0,1,262.9814,262.9814,365.76,0
5.493317e-05,-0.0003197239,0,1,263.3472,263.3472,365.76,0
5.449202e-05,-0.0003199469,0,1,263.713,263.713,365.76,0
5.405091e-05,-0.0003201699,0,1,264.0787,264.0787,365.76,0
5.36098e-05,-0.0003203928,0,1,264.4445,264.4445,365.76,0
5.316869e-05,-0.0003206158,0,1,264.8102,264.8102,365.76,0
5.272758e-05,-0.0003208388,0,1,265.176,265.176,365.76,0
5.228643e-05,-0.0003210618,0,1,265.5418,265.5418,365.76,0
5.184532e-05,-0.0003212848,0,1,265.9075,265.9075,365.76,0
5.140421e-05,-0.0003215077,0,1,266.2733,266.2733,365.76,0
5.09631e-05,-0.0003217307,0,1,266.639,266.639,365.76,0
5.052195e-05,-0.0003219537,0,1,267.0048,267.0048,365.76,0
5.008084e-05,-0.0003221767,0,1,267.3706,267.3706,365.76,0
4.963973e-05,-0.0003223997,0,1,267.7363,267.7363,365.76,0
4.919862e-05,-0.0003226226,0,1,268.1021,268.1021,365.76,0
4.877923e-05,-0.0003227779,0,1,268.4678,268.4678,365.76,0
4.837068e-05,-0.0003228994,0,1,268.8336,268.8336,365.76,0
4.796215e-05,-0.0003230209,0,1,269.1994,269.1994,365.76,0
4.755363e-05,-0.0003231423,0,1,269.5651,269.5651,365.76,0
4.714511e-05,-0.0003232638,0,1,269.9309,269.9309,365.76,0
4.673655e-05,-0.0003233852,0,1,270.2967,270.2967,365.76,0
4.632803e-05,-0.0003235067,0,1,270.6624,270.6624,365.76,0
4.591951e-05,-0.0003236282,0,1,271.0282,271.0282,365.76,0
4.551098e-05,-0.0003237496,0,1,271.3939,271.3939,365.76,0
4.510246e-05,-0.0003238711,0,1,271.7597,271.7597,365.76,0
4.46939e-05,-0.0003239925,0,1,272.1255,272.1255,365.76,0
4.428538e-05,-0.000324114,0,1,272.4912,272.4912,365.76,0
4.387686e-05,-0.0003242355,0,1,272.857,272.857,365.76,0
4.346834e-05,-0.0003243569,0,1,273.2227,273.2227,365.76,0
4.305978e-05,-0.0003244784,0,1,273.5885,273.5885,365.76,0
4.265126e-05,-0.0003245999,0,1,273.9543,273.9543,365.76,0
4.224274e-05,-0.0003247213,0,1,274.32,274.32,365.76,0
4.186369e-05,-0.0003247517,0,1,274.6858,274.6858,365.76,0
4.148464e-05,-0.000324782,0,1,275.0515,275.0515,365.76,0
4.110556e-05,-0.0003248123,0,1,275.4173,275.4173,365.76,0
4.072651e-05,-0.0003248427,0,1,275.7831,275.7831,365.76,0
4.034746e-05,-0.000324873,0,1,276.1488,276.1488,365.76,0
3.996841e-05,-0.0003249034,0,1,276.5146,276.5146,365.76,0
3.958933e-05,-0.0003249337,0,1,276.8803,276.8803,365.76,0
3.921028e-05,-0.0003249641,0,1,277.2461,277.2461,365.76,0
3.883124e-05,-0.0003249944,0,1,277.6118,277.6118,365.76,0
3.845219e-05,-0.0003250247,0,1,277.9776,277.9776,365.76,0
3.807314e-05,-0.0003250551,0,1,278.3434,278.3434,365.76,0
3.769406e-05,-0.0003250854,0,1,278.7091,278.7091,365.76,0
3.731501e-05,-0.0003251158,0,1,279.0749,279.0749,365.76,0
3.693596e-05,-0.0003251461,0,1,279.4406,279.4406,365.76,0
3.655691e-05,-0.0003251765,0,1,279.8064,279.8064,365.76,0
3.617784e-05,-0.0003252068,0,1,280.1722,280.1722,365.76,0
3.583193e-05,-0.0003252111,0,1,280.5379,280.5379,365.76,0
3.55523e-05,-0.0003251634,0,1,280.9037,280.9037,365.76,0
3.527266e-05,-0.0003251157,0,1,281.2694,281.2694,365.76,0
3.499303e-05,-0.000325068,0,1,281.6352,281.6352,365.76,0
3.471337e-05,-0.0003250203,0,1,282.001,282.001,365.76,0
3.443373e-05,-0.0003249726,0,1,282.3667,282.3667,365.76,0
3.41541e-05,-0.0003249249,0,1,282.7325,282.7325,365.76,0
3.387446e-05,-0.0003248772,0,1,283.0982,283.0982,365.76,0
3.359481e-05,-0.0003248295,0,1,283.464,283.464,365.76,0
3.331517e-05,-0.0003247818,0,1,283.8298,283.8298,365.76,0
3.303554e-05,-0.0003247341,0,1,284.1955,284.1955,365.76,0
3.27559e-05,-0.0003246864,0,1,284.5613,284.5613,365.76,0
3.247626e-05,-0.0003246387,0,1,284.927,284.927,365.76,0
3.21966e-05,-0.000324591,0,1,285.2928,285.2928,365.76,0
3.191697e-05,-0.0003245433,0,1,285.6586,285.6586,365.76,0
3.163733e-05,-0.0003244956,0,1,286.0243,286.0243,365.76,0
3.13577e-05,-0.0003244479,0,1,286.3901,286.3901,365.76,0
3.114866e-05,-0.0003244164,0,1,286.7559,286.7559,365.76,0
3.097493e-05,-0.0003243928,0,1,287.1216,287.1216,365.76,0
3.080121e-05,-0.0003243693,0,1,287.4874,287.4874,365.76,0
3.062749e-05,-0.0003243458,0,1,287.8531,287.8531,365.76,0
3.045375e-05,-0.0003243223,0,1,288.2189,288.2189,365.76,0
3.028003e-05,-0.0003242988,0,1,288.5847,288.5847,365.76,0
3.010631e-05,-0.0003242753,0,1,288.9504,288.9504,365.76,0
2.993258e-05,-0.0003242518,0,1,289.3162,289.3162,365.76,0
2.975886e-05,-0.0003242283,0,1,289.6819,289.6819,365.76,0
2.958512e-05,-0.0003242048,0,1,290.0477,290.0477,365.76,0
2.94114e-05,-0.0003241813,0,1,290.4135,290.4135,365.76,0
2.923768e-05,-0.0003241578,0,1,290.7792,290.7792,365.76,0
2.906395e-05,-0.0003241343,0,1,291.145,291.145,365.76,0
2.889022e-05,-0.0003241108,0,1,291.5107,291.5107,365.76,0
2.871649e-05,-0.0003240873,0,1,291.8765,291.8765,365.76,0
2.854277e-05,-0.0003240638,0,1,292.2422,292.2422,365.76,0
2.836905e-05,-0.0003240403,0,1,292.608,292.608,365.76,0
2.818243e-05,-0.0003240565,0,1,292.9738,292.9738,365.76,0
2.79958e-05,-0.0003240728,0,1,293.3395,293.3395,365.76,0
2.780918e-05,-0.0003240891,0,1,293.7053,293.7053,365.76,0
2.762256e-05,-0.0003241053,0,1,294.071,294.071,365.76,0
2.743594e-05,-0.0003241216,0,1,294.4368,294.4368,365.76,0
2.724931e-05,-0.0003241379,0,1,294.8026,294.8026,365.76,0
2.706269e-05,-0.0003241542,0,1,295.1683,295.1683,365.76,0
2.687607e-05,-0.0003241704,0,1,295.5341,295.5341,365.76,0
2.668945e-05,-0.0003241867,0,1,295.8998,295.8998,365.76,0
2.650283e-05,-0.000324203,0,1,296.2656,296.2656,365.76,0
2.631619e-05,-0.0003242192,0,1,296.6314,296.6314,365.76,0
2.612958e-05,-0.0003242355,0,1,296.9971,296.9971,365.76,0
2.594296e-05,-0.0003242518,0,1,297.3629,297.3629,365.76,0
2.575634e-05,-0.000324268,0,1,297.7286,297.7286,365.76,0
2.55697e-05,-0.0003242843,0,1,298.0944,298.0944,365.76,0
2.538308e-05,-0.0003243006,0,1,298.4602,298.4602,365.76,0
2.519602e-05,-0.0003243077,0,1,298.8259,298.8259,365.76,0
2.500807e-05,-0.0003242966,0,1,299.1917,299.1917,365.76,0
2.482012e-05,-0.0003242854,0,1,299.5574,299.5574,365.76,0
2.463216e-05,-0.0003242743,0,1,299.9232,299.9232,365.76,0
2.444421e-05,-0.0003242632,0,1,300.289,300.289,365.76,0
2.425626e-05,-0.000324252,0,1,300.6547,300.6547,365.76,0
2.406831e-05,-0.0003242409,0,1,301.0205,301.0205,365.76,0
2.388034e-05,-0.0003242298,0,1,301.3863,301.3863,365.76,0
2.369239e-05,-0.0003242186,0,1,301.752,301.752,365.76,0
2.350444e-05,-0.0003242075,0,1,302.1178,302.1178,365.76,0
2.331649e-05,-0.0003241964,0,1,302.4835,302.4835,365.76,0
2.312854e-05,-0.0003241852,0,1,302.8493,302.8493,365.76,0
2.294058e-05,-0.0003241741,0,1,303.2151,303.2151,365.76,0
2.275263e-05,-0.0003241629,0,1,303.5808,303.5808,365.76,0
2.256468e-05,-0.0003241518,0,1,303.9466,303.9466,365.76,0
2.237673e-05,-0.0003241407,0,1,304.3123,304.3123,365.76,0
2.218877e-05,-0.0003241295,0,1,304.6781,304.6781,365.76,0
2.203239e-05,-0.0003241032,0,1,305.0439,305.0439,365.76,0
2.189181e-05,-0.0003240692,0,1,305.4096,305.4096,365.76,0
2.175122e-05,-0.0003240353,0,1,305.7754,305.7754,365.76,0
2.161064e-05,-0.0003240014,0,1,306.1411,306.1411,365.76,0
2.147004e-05,-0.0003239674,0,1,306.5069,306.5069,365.76,0
2.132946e-05,-0.0003239335,0,1,306.8727,306.8727,365.76,0
2.118887e-05,-0.0003238995,0,1,307.2384,307.2384,365.76,0
2.104828e-05,-0.0003238656,0,1,307.6042,307.6042,365.76,0
2.090769e-05,-0.0003238316,0,1,307.9699,307.9699,365.76,0
2.07671e-05,-0.0003237977,0,1,308.3357,308.3357,365.76,0
2.062651e-05,-0.0003237638,0,1,308.7014,308.7014,365.76,0
2.048593e-05,-0.0003237298,0,1,309.0672,309.0672,365.76,0
2.034533e-05,-0.0003236959,0,1,309.433,309.433,365.76,0
2.020474e-05,-0.0003236619,0,1,309.7987,309.7987,365.76,0
2.006416e-05,-0.000323628,0,1,310.1645,310.1645,365.76,0
1.992357e-05,-0.000323594,0,1,310.5302,310.5302,365.76,0
1.978299e-05,-0.0003235601,0,1,310.896,310.896,365.76,0
1.969034e-05,-0.0003235578,0,1,311.2618,311.2618,365.76,0
1.95977e-05,-0.0003235556,0,1,311.6275,311.6275,365.76,0
1.950505e-05,-0.0003235534,0,1,311.9933,311.9933,365.76,0
1.941241e-05,-0.0003235512,0,1,312.359,312.359,365.76,0
1.931976e-05,-0.0003235489,0,1,312.7248,312.7248,365.76,0
1.922712e-05,-0.0003235467,0,1,313.0906,313.0906,365.76,0
1.913448e-05,-0.0003235445,0,1,313.4563,313.4563,365.76,0
1.904183e-05,-0.0003235423,0,1,313.8221,313.8221,365.76,0
1.894919e-05,-0.0003235401,0,1,314.1878,314.1878,365.76,0
1.885654e-05,-0.0003235378,0,1,314.5536,314.5536,365.76,0
1.87639e-05,-0.0003235356,0,1,314.9194,314.9194,365.76,0
1.867126e-05,-0.0003235334,0,1,315.2851,315.2851,365.76,0
1.857861e-05,-0.0003235312,0,1,315.6509,315.6509,365.76,0
1.848596e-05,-0.0003235289,0,1,316.0167,316.0167,365.76,0
1.839332e-05,-0.0003235267,0,1,316.3824,316.3824,365.76,0
1.830068e-05,-0.0003235245,0,1,316.7482,316.7482,365.76,0
1.819393e-05,-0.0003235172,0,1,317.1139,317.1139,365.76,0
1.805896e-05,-0.0003234999,0,1,317.4797,317.4797,365.76,0
1.792399e-05,-0.0003234826,0,1,317.8455,317.8455,365.76,0
1.778903e-05,-0.0003234653,0,1,318.2112,318.2112,365.76,0
1.765406e-05,-0.000323448,0,1,318.577,318.577,365.76,0
1.75191e-05,-0.0003234307,0,1,318.9427,318.9427,365.76,0
1.738412e-05,-0.0003234133,0,1,319.3085,319.3085,365.76,0
1.724916e-05,-0.0003233961,0,1,319.6743,319.6743,365.76,0
1.711419e-05,-0.0003233787,0,1,320.04,320.04,365.76,0
1.697923e-05,-0.0003233614,0,1,320.4058,320.4058,365.76,0
1.684427e-05,-0.0003233441,0,1,320.7715,320.7715,365.76,0
1.670929e-05,-0.0003233268,0,1,321.1373,321.1373,365.76,0
1.657433e-05,-0.0003233095,0,1,321.5031,321.5031,365.76,0
1.643936e-05,-0.0003232922,0,1,321.8688,321.8688,365.76,0
1.63044e-05,-0.0003232749,0,1,322.2346,322.2346,365.76,0
1.616943e-05,-0.0003232576,0,1,322.6003,322.6003,365.76,0
1.603446e-05,-0.0003232403,0,1,322.9661,322.9661,365.76,0
1.600914e-05,-0.0003232542,0,1,323.3318,323.3318,365.76,0
1.603864e-05,-0.0003232838,0,1,323.6976,323.6976,365.76,0
1.606814e-05,-0.0003233134,0,1,324.0634,324.0634,365.76,0
1.609765e-05,-0.000323343,0,1,324.4291,324.4291,365.76,0
1.612715e-05,-0.0003233725,0,1,324.7949,324.7949,365.76,0
1.615665e-05,-0.0003234021,0,1,325.1606,325.1606,365.76,0
1.618615e-05,-0.0003234317,0,1,325.5264,325.5264,365.76,0
1.621565e-05,-0.0003234613,0,1,325.8922,325.8922,365.76,0
1.624515e-05,-0.0003234909,0,1,326.2579,326.2579,365.76,0
1.627465e-05,-0.0003235204,0,1,326.6237,326.6237,365.76,0
1.630415e-05,-0.00032355,0,1,326.9894,326.9894,365.76,0
1.633365e-05,-0.0003235796,0,1,327.3552,327.3552,365.76,0
1.636316e-05,-0.0003236092,0,1,327.721,327.721,365.76,0
1.639266e-05,-0.0003236388,0,1,328.0867,328.0867,365.76,0
1.642216e-05,-0.0003236683,0,1,328.4525,328.4525,365.76,0
1.645166e-05,-0.0003236979,0,1,328.8182,328.8182,365.76,0
1.648115e-05,-0.0003237275,0,1,329.184,329.184,365.76,0
1.635164e-05,-0.0003238778,0,1,329.5498,329.5498,365.76,0
1.622213e-05,-0.000324028,0,1,329.9155,329.9155,365.76,0
1.609262e-05,-0.0003241783,0,1,330.2813,330.2813,365.76,0
1.596311e-05,-0.0003243285,0,1,330.647,330.647,365.76,0
1.583359e-05,-0.0003244788,0,1,331.0128,331.0128,365.76,0
1.570408e-05,-0.0003246291,0,1,331.3786,331.3786,365.76,0
1.557457e-05,-0.0003247793,0,1,331.7443,331.7443,365.76,0
1.544506e-05,-0.0003249296,0,1,332.1101,332.1101,365.76,0
1.531554e-05,-0.0003250798,0,1,332.4759,332.4759,365.76,0
1.518603e-05,-0.0003252301,0,1,332.8416,332.8416,365.76,0
1.505652e-05,-0.0003253804,0,1,333.2074,333.2074,365.76,0
1.492701e-05,-0.0003255306,0,1,333.5731,333.5731,365.76,0
1.479749e-05,-0.0003256809,0,1,333.9389,333.9389,365.76,0
1.466798e-05,-0.0003258311,0,1,334.3047,334.3047,365.76,0
1.453847e-05,-0.0003259814,0,1,334.6704,334.6704,365.76,0
1.440896e-05,-0.0003261316,0,1,335.0362,335.0362,365.76,0
1.426231e-05,-0.0003262574,0,1,335.4019,335.4019,365.76,0
1.408138e-05,-0.0003263341,0,1,335.7677,335.7677,365.76,0
1.390046e-05,-0.0003264108,0,1,336.1335,336.1335,365.76,0
1.371954e-05,-0.0003264875,0,1,336.4992,336.4992,365.76,0
1.353862e-05,-0.0003265642,0,1,336.865,336.865,365.76,0
1.335769e-05,-0.0003266409,0,1,337.2307,337.2307,365.76,0
1.317677e-05,-0.0003267176,0,1,337.5965,337.5965,365.76,0
1.299585e-05,-0.0003267943,0,1,337.9622,337.9622,365.76,0
1.281493e-05,-0.000326871,0,1,338.328,338.328,365.76,0
1.263402e-05,-0.0003269477,0,1,338.6938,338.6938,365.76,0
1.245308e-05,-0.0003270244,0,1,339.0595,339.0595,365.76,0
1.227217e-05,-0.0003271012,0,1,339.4253,339.4253,365.76,0
1.209125e-05,-0.0003271778,0,1,339.791,339.791,365.76,0
1.191033e-05,-0.0003272546,0,1,340.1568,340.1568,365.76,0
1.17294e-05,-0.0003273312,0,1,340.5226,340.5226,365.76,0
1.154848e-05,-0.000327408,0,1,340.8883,340.8883,365.76,0
1.136756e-05,-0.0003274847,0,1,341.2541,341.2541,365.76,0
1.118685e-05,-0.0003275254,0,1,341.6198,341.6198,365.76,0
1.100624e-05,-0.000327548,0,1,341.9856,341.9856,365.76,0
1.082562e-05,-0.0003275707,0,1,342.3514,342.3514,365.76,0
1.064502e-05,-0.0003275934,0,1,342.7171,342.7171,365.76,0
1.046441e-05,-0.0003276161,0,1,343.0829,343.0829,365.76,0
1.02838e-05,-0.0003276388,0,1,343.4486,343.4486,365.76,0
1.010318e-05,-0.0003276615,0,1,343.8144,343.8144,365.76,0
9.922574e-06,-0.0003276842,0,1,344.1802,344.1802,365.76,0
9.741969e-06,-0.0003277069,0,1,344.5459,344.5459,365.76,0
9.561362e-06,-0.0003277296,0,1,344.9117,344.9117,365.76,0
9.380757e-06,-0.0003277523,0,1,345.2774,345.2774,365.76,0
9.200135e-06,-0.000327775,0,1,345.6432,345.6432,365.76,0
9.019529e-06,-0.0003277977,0,1,346.009,346.009,365.76,0
8.838922e-06,-0.0003278204,0,1,346.3747,346.3747,365.76,0
8.658316e-06,-0.0003278431,0,1,346.7405,346.7405,365.76,0
8.477695e-06,-0.0003278657,0,1,347.1063,347.1063,365.76,0
8.297094e-06,-0.0003278884,0,1,347.472,347.472,365.76,0
8.172665e-06,-0.0003279239,0,1,347.8378,347.8378,365.76,0
8.048236e-06,-0.0003279593,0,1,348.2035,348.2035,365.76,0
7.923807e-06,-0.0003279947,0,1,348.5693,348.5693,365.76,0
7.799368e-06,-0.0003280301,0,1,348.9351,348.9351,365.76,0
7.674939e-06,-0.0003280655,0,1,349.3008,349.3008,365.76,0
7.55051e-06,-0.000328101,0,1,349.6666,349.6666,365.76,0
7.426082e-06,-0.0003281364,0,1,350.0323,350.0323,365.76,0
7.301642e-06,-0.0003281718,0,1,350.3981,350.3981,365.76,0
7.177213e-06,-0.0003282072,0,1,350.7639,350.7639,365.76,0
7.052784e-06,-0.0003282426,0,1,351.1296,351.1296,365.76,0
6.928356e-06,-0.0003282781,0,1,351.4954,351.4954,365.76,0
6.803927e-06,-0.0003283135,0,1,351.8611,351.8611,365.76,0
6.679488e-06,-0.0003283489,0,1,352.2269,352.2269,365.76,0
6.555059e-06,-0.0003283843,0,1,352.5927,352.5927,365.76,0
6.43063e-06,-0.0003284198,0,1,352.9584,352.9584,365.76,0
6.306202e-06,-0.0003284552,0,1,353.3242,353.3242,365.76,0
6.15481e-06,-0.0003284918,0,1,353.6899,353.6899,365.76,0
5.949545e-06,-0.0003285308,0,1,354.0557,354.0557,365.76,0
5.74428e-06,-0.0003285698,0,1,354.4214,354.4214,365.76,0
5.539015e-06,-0.0003286088,0,1,354.7872,354.7872,365.76,0
5.333733e-06,-0.0003286478,0,1,355.153,355.153,365.76,0
5.128467e-06,-0.0003286867,0,1,355.5187,355.5187,365.76,0
4.923203e-06,-0.0003287257,0,1,355.8845,355.8845,365.76,0
4.717937e-06,-0.0003287647,0,1,356.2502,356.2502,365.76,0
4.512672e-06,-0.0003288037,0,1,356.616,356.616,365.76,0
4.30739e-06,-0.0003288427,0,1,356.9818,356.9818,365.76,0
4.102125e-06,-0.0003288817,0,1,357.3475,357.3475,365.76,0
3.89686e-06,-0.0003289207,0,1,357.7133,357.7133,365.76,0
3.691595e-06,-0.0003289597,0,1,358.079,358.079,365.76,0
3.486313e-06,-0.0003289987,0,1,358.4448,358.4448,365.76,0
3.281048e-06,-0.0003290377,0,1,358.8106,358.8106,365.76,0
3.075782e-06,-0.0003290767,0,1,359.1763,359.1763,365.76,0
2.870517e-06,-0.0003291156,0,1,359.5421,359.5421,365.76,0
2.690014e-06,-0.0003291113,0,1,359.9078,359.9078,365.76,0
2.521878e-06,-0.0003290852,0,1,360.2736,360.2736,365.76,0
2.353755e-06,-0.0003290592,0,1,360.6394,360.6394,365.76,0
2.185633e-06,-0.0003290331,0,1,361.0051,361.0051,365.76,0
2.01751e-06,-0.000329007,0,1,361.3709,361.3709,365.76,0
1.849374e-06,-0.000328981,0,1,361.7367,361.7367,365.76,0
1.681252e-06,-0.0003289549,0,1,362.1024,362.1024,365.76,0
1.513129e-06,-0.0003289289,0,1,362.4682,362.4682,365.76,0
1.345007e-06,-0.0003289028,0,1,362.8339,362.8339,365.76,0
1.176885e-06,-0.0003288768,0,1,363.1997,363.1997,365.76,0
1.008748e-06,-0.0003288507,0,1,363.5655,363.5655,365.76,0
8.406259e-07,-0.0003288247,0,1,363.9312,363.9312,365.76,0
6.725035e-07,-0.0003287986,0,1,364.297,364.297,365.76,0
5.043811e-07,-0.0003287726,0,1,364.6627,364.6627,365.76,0
3.362447e-07,-0.0003287465,0,1,365.0285,365.0285,365.76,0
1.681224e-07,-0.0003287204,0,1,365.3943,365.3943,365.76,0
0,-0.0003286944,0,1,365.76,365.76,365.76,0
